ISO-10303-21;
HEADER;

/* File generated by Shapr3D Version 26.100.11031.0 */

FILE_DESCRIPTION(('HOOPS Exchange Step'),'2;1');

FILE_NAME('C:\\Users\\Thors\\AppData\\Local\\Packages\\Shapr3D.Shapr3D_j403pzjkqtqbj\\TempState\\export\\temp_export',
'2026-06-24T17:48:59+02:00',
('Thors'),
('Shapr3D Limited'),
'HOOPS Exchange 2026.3',
'Shapr3D',
'Authorized');

FILE_SCHEMA( ('AP242_MANAGED_MODEL_BASED_3D_ENGINEERING_MIM_LF {1 0 10303 442 1 1 4}') );

ENDSEC;

DATA;
#3=(NAMED_UNIT(*)PLANE_ANGLE_UNIT()SI_UNIT($,.RADIAN.));
#4=PLANE_ANGLE_MEASURE_WITH_UNIT(PLANE_ANGLE_MEASURE(0.0174532925),#3);
#5=(CONVERSION_BASED_UNIT('DEGREE',#4)NAMED_UNIT(#6)PLANE_ANGLE_UNIT());
#6=DIMENSIONAL_EXPONENTS(0.,0.,0.,0.,0.,0.,0.);
#7=(NAMED_UNIT(*)SI_UNIT($,.STERADIAN.)SOLID_ANGLE_UNIT());
#8=(LENGTH_UNIT()NAMED_UNIT(*)SI_UNIT(.MILLI.,.METRE.));
#9=UNCERTAINTY_MEASURE_WITH_UNIT(LENGTH_MEASURE(1.000000E-03),#8,'DISTANCE_ACCURACY_VALUE','Maximum Tolerance applied to model');
#10=(GEOMETRIC_REPRESENTATION_CONTEXT(3)GLOBAL_UNCERTAINTY_ASSIGNED_CONTEXT((#9))GLOBAL_UNIT_ASSIGNED_CONTEXT((#8,#5,#7))REPRESENTATION_CONTEXT('','root'));
#12=CARTESIAN_POINT('',(0.,0.,0.));
#13=DIRECTION('',(0.,0.,1.));
#14=DIRECTION('',(1.,0.,0.));
#15=AXIS2_PLACEMENT_3D('',#12,#13,#14);
#26=(NAMED_UNIT(*)PLANE_ANGLE_UNIT()SI_UNIT($,.RADIAN.));
#27=PLANE_ANGLE_MEASURE_WITH_UNIT(PLANE_ANGLE_MEASURE(0.0174532925),#26);
#28=(CONVERSION_BASED_UNIT('DEGREE',#27)NAMED_UNIT(#29)PLANE_ANGLE_UNIT());
#29=DIMENSIONAL_EXPONENTS(0.,0.,0.,0.,0.,0.,0.);
#30=(NAMED_UNIT(*)SI_UNIT($,.STERADIAN.)SOLID_ANGLE_UNIT());
#31=(LENGTH_UNIT()NAMED_UNIT(*)SI_UNIT(.MILLI.,.METRE.));
#32=UNCERTAINTY_MEASURE_WITH_UNIT(LENGTH_MEASURE(1.000000E-05),#31,'DISTANCE_ACCURACY_VALUE','Maximum Tolerance applied to model');
#33=(GEOMETRIC_REPRESENTATION_CONTEXT(3)GLOBAL_UNCERTAINTY_ASSIGNED_CONTEXT((#32))GLOBAL_UNIT_ASSIGNED_CONTEXT((#31,#28,#30))REPRESENTATION_CONTEXT('','cx18-din-p0006_vrm-pcm_din_rail_clamp.STEP'));
#45=CARTESIAN_POINT('',(0.,0.,0.));
#46=DIRECTION('',(0.,0.,1.));
#47=DIRECTION('',(1.,0.,-0.));
#48=AXIS2_PLACEMENT_3D('',#45,#46,#47);
#49=ITEM_DEFINED_TRANSFORMATION('','',#48,#15);
#50=(REPRESENTATION_RELATIONSHIP('','',#35,#16)REPRESENTATION_RELATIONSHIP_WITH_TRANSFORMATION(#49)SHAPE_REPRESENTATION_RELATIONSHIP());
#51=NEXT_ASSEMBLY_USAGE_OCCURRENCE('cx18-din-p0006_vrm-pcm_din_rail_clamp.STEP_1','cx18-din-p0006_vrm-pcm_din_rail_clamp.STEP','cx18-din-p0006_vrm-pcm_din_rail_clamp.STEP',#25,#44,$);
#52=PRODUCT_DEFINITION_SHAPE('','',#51);
#53=CONTEXT_DEPENDENT_SHAPE_REPRESENTATION(#50,#52);
#55=CARTESIAN_POINT('',(-40.,4.,19.5));
#56=DIRECTION('',(0.,1.,0.));
#57=DIRECTION('',(0.,-0.,1.));
#58=AXIS2_PLACEMENT_3D('',#55,#56,#57);
#59=CYLINDRICAL_SURFACE('',#58,1.5);
#60=CARTESIAN_POINT('',(-40.,12.,21.));
#61=VERTEX_POINT('',#60);
#62=CARTESIAN_POINT('',(-40.,8.5,21.));
#63=VERTEX_POINT('',#62);
#64=CARTESIAN_POINT('',(-40.,12.,21.));
#65=DIRECTION('',(-0.,-1.,-0.));
#66=VECTOR('',#65,3.5);
#67=LINE('',#64,#66);
#68=EDGE_CURVE('',#61,#63,#67,.T.);
#69=ORIENTED_EDGE('',*,*,#68,.F.);
#70=CARTESIAN_POINT('',(-40.,12.,18.));
#71=VERTEX_POINT('',#70);
#72=CARTESIAN_POINT('',(-40.,12.,19.5));
#73=DIRECTION('',(-0.,1.,-0.));
#74=DIRECTION('',(0.,0.,-1.));
#75=AXIS2_PLACEMENT_3D('',#72,#73,#74);
#76=CIRCLE('',#75,1.5);
#77=EDGE_CURVE('',#61,#71,#76,.T.);
#78=ORIENTED_EDGE('',*,*,#77,.T.);
#79=CARTESIAN_POINT('',(-40.,12.,19.5));
#80=DIRECTION('',(-0.,1.,-0.));
#81=DIRECTION('',(0.,0.,-1.));
#82=AXIS2_PLACEMENT_3D('',#79,#80,#81);
#83=CIRCLE('',#82,1.5);
#84=EDGE_CURVE('',#71,#61,#83,.T.);
#85=ORIENTED_EDGE('',*,*,#84,.T.);
#86=ORIENTED_EDGE('',*,*,#68,.T.);
#87=CARTESIAN_POINT('',(-40.,8.5,19.5));
#88=DIRECTION('',(0.,-1.,-0.));
#89=DIRECTION('',(0.,-0.,1.));
#90=AXIS2_PLACEMENT_3D('',#87,#88,#89);
#91=CIRCLE('',#90,1.5);
#92=EDGE_CURVE('',#63,#63,#91,.T.);
#93=ORIENTED_EDGE('',*,*,#92,.T.);
#94=EDGE_LOOP('',(#69,#78,#85,#86,#93));
#95=FACE_BOUND('',#94,.T.);
#96=ADVANCED_FACE('',(#95),#59,.F.);
#97=CARTESIAN_POINT('',(-78.,4.,19.5));
#98=DIRECTION('',(0.,1.,0.));
#99=DIRECTION('',(0.,-0.,1.));
#100=AXIS2_PLACEMENT_3D('',#97,#98,#99);
#101=CYLINDRICAL_SURFACE('',#100,1.5);
#102=CARTESIAN_POINT('',(-78.,12.,21.));
#103=VERTEX_POINT('',#102);
#104=CARTESIAN_POINT('',(-78.,8.5,21.));
#105=VERTEX_POINT('',#104);
#106=CARTESIAN_POINT('',(-78.,12.,21.));
#107=DIRECTION('',(-0.,-1.,-0.));
#108=VECTOR('',#107,3.5);
#109=LINE('',#106,#108);
#110=EDGE_CURVE('',#103,#105,#109,.T.);
#111=ORIENTED_EDGE('',*,*,#110,.F.);
#112=CARTESIAN_POINT('',(-78.,12.,18.));
#113=VERTEX_POINT('',#112);
#114=CARTESIAN_POINT('',(-78.,12.,19.5));
#115=DIRECTION('',(-0.,1.,-0.));
#116=DIRECTION('',(0.,0.,-1.));
#117=AXIS2_PLACEMENT_3D('',#114,#115,#116);
#118=CIRCLE('',#117,1.5);
#119=EDGE_CURVE('',#103,#113,#118,.T.);
#120=ORIENTED_EDGE('',*,*,#119,.T.);
#121=CARTESIAN_POINT('',(-78.,12.,19.5));
#122=DIRECTION('',(-0.,1.,-0.));
#123=DIRECTION('',(0.,0.,-1.));
#124=AXIS2_PLACEMENT_3D('',#121,#122,#123);
#125=CIRCLE('',#124,1.5);
#126=EDGE_CURVE('',#113,#103,#125,.T.);
#127=ORIENTED_EDGE('',*,*,#126,.T.);
#128=ORIENTED_EDGE('',*,*,#110,.T.);
#129=CARTESIAN_POINT('',(-78.,8.5,19.5));
#130=DIRECTION('',(0.,1.,0.));
#131=DIRECTION('',(0.,-0.,1.));
#132=AXIS2_PLACEMENT_3D('',#129,#130,#131);
#133=CIRCLE('',#132,1.5);
#134=EDGE_CURVE('',#105,#105,#133,.T.);
#135=ORIENTED_EDGE('',*,*,#134,.F.);
#136=EDGE_LOOP('',(#111,#120,#127,#128,#135));
#137=FACE_BOUND('',#136,.T.);
#138=ADVANCED_FACE('',(#137),#101,.F.);
#139=CARTESIAN_POINT('',(-78.,4.,-8.5));
#140=DIRECTION('',(0.,1.,0.));
#141=DIRECTION('',(0.,-0.,1.));
#142=AXIS2_PLACEMENT_3D('',#139,#140,#141);
#143=CYLINDRICAL_SURFACE('',#142,1.5);
#144=CARTESIAN_POINT('',(-78.,12.,-7.));
#145=VERTEX_POINT('',#144);
#146=CARTESIAN_POINT('',(-78.,8.5,-7.));
#147=VERTEX_POINT('',#146);
#148=CARTESIAN_POINT('',(-78.,12.,-7.));
#149=DIRECTION('',(-0.,-1.,-0.));
#150=VECTOR('',#149,3.5);
#151=LINE('',#148,#150);
#152=EDGE_CURVE('',#145,#147,#151,.T.);
#153=ORIENTED_EDGE('',*,*,#152,.F.);
#154=CARTESIAN_POINT('',(-78.,12.,-10.));
#155=VERTEX_POINT('',#154);
#156=CARTESIAN_POINT('',(-78.,12.,-8.5));
#157=DIRECTION('',(-0.,1.,-0.));
#158=DIRECTION('',(0.,0.,-1.));
#159=AXIS2_PLACEMENT_3D('',#156,#157,#158);
#160=CIRCLE('',#159,1.5);
#161=EDGE_CURVE('',#145,#155,#160,.T.);
#162=ORIENTED_EDGE('',*,*,#161,.T.);
#163=CARTESIAN_POINT('',(-78.,12.,-8.5));
#164=DIRECTION('',(-0.,1.,-0.));
#165=DIRECTION('',(0.,0.,-1.));
#166=AXIS2_PLACEMENT_3D('',#163,#164,#165);
#167=CIRCLE('',#166,1.5);
#168=EDGE_CURVE('',#155,#145,#167,.T.);
#169=ORIENTED_EDGE('',*,*,#168,.T.);
#170=ORIENTED_EDGE('',*,*,#152,.T.);
#171=CARTESIAN_POINT('',(-78.,8.5,-8.5));
#172=DIRECTION('',(0.,-1.,-0.));
#173=DIRECTION('',(0.,-0.,1.));
#174=AXIS2_PLACEMENT_3D('',#171,#172,#173);
#175=CIRCLE('',#174,1.5);
#176=EDGE_CURVE('',#147,#147,#175,.T.);
#177=ORIENTED_EDGE('',*,*,#176,.T.);
#178=EDGE_LOOP('',(#153,#162,#169,#170,#177));
#179=FACE_BOUND('',#178,.T.);
#180=ADVANCED_FACE('',(#179),#143,.F.);
#181=CARTESIAN_POINT('',(-40.,4.,-8.5));
#182=DIRECTION('',(0.,1.,0.));
#183=DIRECTION('',(0.,-0.,1.));
#184=AXIS2_PLACEMENT_3D('',#181,#182,#183);
#185=CYLINDRICAL_SURFACE('',#184,1.5);
#186=CARTESIAN_POINT('',(-40.,12.,-7.));
#187=VERTEX_POINT('',#186);
#188=CARTESIAN_POINT('',(-40.,8.5,-7.));
#189=VERTEX_POINT('',#188);
#190=CARTESIAN_POINT('',(-40.,12.,-7.));
#191=DIRECTION('',(-0.,-1.,-0.));
#192=VECTOR('',#191,3.5);
#193=LINE('',#190,#192);
#194=EDGE_CURVE('',#187,#189,#193,.T.);
#195=ORIENTED_EDGE('',*,*,#194,.F.);
#196=CARTESIAN_POINT('',(-40.,12.,-10.));
#197=VERTEX_POINT('',#196);
#198=CARTESIAN_POINT('',(-40.,12.,-8.5));
#199=DIRECTION('',(-0.,1.,-0.));
#200=DIRECTION('',(0.,0.,-1.));
#201=AXIS2_PLACEMENT_3D('',#198,#199,#200);
#202=CIRCLE('',#201,1.5);
#203=EDGE_CURVE('',#187,#197,#202,.T.);
#204=ORIENTED_EDGE('',*,*,#203,.T.);
#205=CARTESIAN_POINT('',(-40.,12.,-8.5));
#206=DIRECTION('',(-0.,1.,-0.));
#207=DIRECTION('',(0.,0.,-1.));
#208=AXIS2_PLACEMENT_3D('',#205,#206,#207);
#209=CIRCLE('',#208,1.5);
#210=EDGE_CURVE('',#197,#187,#209,.T.);
#211=ORIENTED_EDGE('',*,*,#210,.T.);
#212=ORIENTED_EDGE('',*,*,#194,.T.);
#213=CARTESIAN_POINT('',(-40.,8.5,-8.5));
#214=DIRECTION('',(0.,-1.,-0.));
#215=DIRECTION('',(0.,-0.,1.));
#216=AXIS2_PLACEMENT_3D('',#213,#214,#215);
#217=CIRCLE('',#216,1.5);
#218=EDGE_CURVE('',#189,#189,#217,.T.);
#219=ORIENTED_EDGE('',*,*,#218,.T.);
#220=EDGE_LOOP('',(#195,#204,#211,#212,#219));
#221=FACE_BOUND('',#220,.T.);
#222=ADVANCED_FACE('',(#221),#185,.F.);
#223=CARTESIAN_POINT('',(-89.1625,6.,-0.));
#224=DIRECTION('',(0.,1.,0.));
#225=DIRECTION('',(0.,-0.,1.));
#226=AXIS2_PLACEMENT_3D('',#223,#224,#225);
#227=PLANE('',#226);
#228=CARTESIAN_POINT('',(-40.,6.,17.1));
#229=VERTEX_POINT('',#228);
#230=CARTESIAN_POINT('',(-42.4,6.,19.5));
#231=VERTEX_POINT('',#230);
#232=CARTESIAN_POINT('',(-40.,6.,19.5));
#233=DIRECTION('',(-0.,-1.,-0.));
#234=DIRECTION('',(-1.,0.,0.));
#235=AXIS2_PLACEMENT_3D('',#232,#233,#234);
#236=CIRCLE('',#235,2.4);
#237=EDGE_CURVE('',#229,#231,#236,.T.);
#238=ORIENTED_EDGE('',*,*,#237,.F.);
#239=CARTESIAN_POINT('',(-40.,6.,19.5));
#240=DIRECTION('',(-0.,-1.,-0.));
#241=DIRECTION('',(-1.,0.,0.));
#242=AXIS2_PLACEMENT_3D('',#239,#240,#241);
#243=CIRCLE('',#242,2.4);
#244=EDGE_CURVE('',#231,#229,#243,.T.);
#245=ORIENTED_EDGE('',*,*,#244,.F.);
#246=EDGE_LOOP('',(#238,#245));
#247=FACE_BOUND('',#246,.T.);
#248=CARTESIAN_POINT('',(-78.,6.,17.1));
#249=VERTEX_POINT('',#248);
#250=CARTESIAN_POINT('',(-80.4,6.,19.5));
#251=VERTEX_POINT('',#250);
#252=CARTESIAN_POINT('',(-78.,6.,19.5));
#253=DIRECTION('',(-0.,-1.,-0.));
#254=DIRECTION('',(-1.,0.,0.));
#255=AXIS2_PLACEMENT_3D('',#252,#253,#254);
#256=CIRCLE('',#255,2.4);
#257=EDGE_CURVE('',#249,#251,#256,.T.);
#258=ORIENTED_EDGE('',*,*,#257,.F.);
#259=CARTESIAN_POINT('',(-78.,6.,19.5));
#260=DIRECTION('',(-0.,-1.,-0.));
#261=DIRECTION('',(-1.,0.,0.));
#262=AXIS2_PLACEMENT_3D('',#259,#260,#261);
#263=CIRCLE('',#262,2.4);
#264=EDGE_CURVE('',#251,#249,#263,.T.);
#265=ORIENTED_EDGE('',*,*,#264,.F.);
#266=EDGE_LOOP('',(#258,#265));
#267=FACE_BOUND('',#266,.T.);
#268=CARTESIAN_POINT('',(-78.,6.,-10.9));
#269=VERTEX_POINT('',#268);
#270=CARTESIAN_POINT('',(-80.4,6.,-8.5));
#271=VERTEX_POINT('',#270);
#272=CARTESIAN_POINT('',(-78.,6.,-8.5));
#273=DIRECTION('',(-0.,-1.,-0.));
#274=DIRECTION('',(-1.,0.,0.));
#275=AXIS2_PLACEMENT_3D('',#272,#273,#274);
#276=CIRCLE('',#275,2.4);
#277=EDGE_CURVE('',#269,#271,#276,.T.);
#278=ORIENTED_EDGE('',*,*,#277,.F.);
#279=CARTESIAN_POINT('',(-78.,6.,-8.5));
#280=DIRECTION('',(-0.,-1.,-0.));
#281=DIRECTION('',(-1.,0.,0.));
#282=AXIS2_PLACEMENT_3D('',#279,#280,#281);
#283=CIRCLE('',#282,2.4);
#284=EDGE_CURVE('',#271,#269,#283,.T.);
#285=ORIENTED_EDGE('',*,*,#284,.F.);
#286=EDGE_LOOP('',(#278,#285));
#287=FACE_BOUND('',#286,.T.);
#288=CARTESIAN_POINT('',(-40.,6.,-10.9));
#289=VERTEX_POINT('',#288);
#290=CARTESIAN_POINT('',(-42.4,6.,-8.5));
#291=VERTEX_POINT('',#290);
#292=CARTESIAN_POINT('',(-40.,6.,-8.5));
#293=DIRECTION('',(-0.,-1.,-0.));
#294=DIRECTION('',(-1.,0.,0.));
#295=AXIS2_PLACEMENT_3D('',#292,#293,#294);
#296=CIRCLE('',#295,2.4);
#297=EDGE_CURVE('',#289,#291,#296,.T.);
#298=ORIENTED_EDGE('',*,*,#297,.F.);
#299=CARTESIAN_POINT('',(-40.,6.,-8.5));
#300=DIRECTION('',(-0.,-1.,-0.));
#301=DIRECTION('',(-1.,0.,0.));
#302=AXIS2_PLACEMENT_3D('',#299,#300,#301);
#303=CIRCLE('',#302,2.4);
#304=EDGE_CURVE('',#291,#289,#303,.T.);
#305=ORIENTED_EDGE('',*,*,#304,.F.);
#306=EDGE_LOOP('',(#298,#305));
#307=FACE_BOUND('',#306,.T.);
#308=CARTESIAN_POINT('',(-69.75,6.,23.));
#309=VERTEX_POINT('',#308);
#310=CARTESIAN_POINT('',(-69.75,6.,-13.));
#311=VERTEX_POINT('',#310);
#312=CARTESIAN_POINT('',(-69.75,6.,23.));
#313=DIRECTION('',(0.,0.,-1.));
#314=VECTOR('',#313,36.);
#315=LINE('',#312,#314);
#316=EDGE_CURVE('NONE',#309,#311,#315,.T.);
#317=ORIENTED_EDGE('',*,*,#316,.F.);
#318=CARTESIAN_POINT('',(-82.75,6.,23.));
#319=VERTEX_POINT('',#318);
#320=CARTESIAN_POINT('',(-82.75,6.,23.));
#321=DIRECTION('',(1.,0.,-0.));
#322=VECTOR('',#321,13.);
#323=LINE('',#320,#322);
#324=EDGE_CURVE('NONE',#319,#309,#323,.T.);
#325=ORIENTED_EDGE('',*,*,#324,.F.);
#326=CARTESIAN_POINT('',(-82.75,6.,-17.));
#327=VERTEX_POINT('',#326);
#328=CARTESIAN_POINT('',(-82.75,6.,-17.));
#329=DIRECTION('',(0.,-0.,1.));
#330=VECTOR('',#329,40.);
#331=LINE('',#328,#330);
#332=EDGE_CURVE('NONE',#327,#319,#331,.T.);
#333=ORIENTED_EDGE('',*,*,#332,.F.);
#334=CARTESIAN_POINT('',(-35.25,6.,-17.));
#335=VERTEX_POINT('',#334);
#336=CARTESIAN_POINT('',(-82.75,6.,-17.));
#337=DIRECTION('',(1.,0.,-0.));
#338=VECTOR('',#337,47.5);
#339=LINE('',#336,#338);
#340=EDGE_CURVE('NONE',#327,#335,#339,.T.);
#341=ORIENTED_EDGE('',*,*,#340,.T.);
#342=CARTESIAN_POINT('',(-35.25,6.,23.));
#343=VERTEX_POINT('',#342);
#344=CARTESIAN_POINT('',(-35.25,6.,-17.));
#345=DIRECTION('',(0.,-0.,1.));
#346=VECTOR('',#345,40.);
#347=LINE('',#344,#346);
#348=EDGE_CURVE('NONE',#335,#343,#347,.T.);
#349=ORIENTED_EDGE('',*,*,#348,.T.);
#350=CARTESIAN_POINT('',(-48.25,6.,23.));
#351=VERTEX_POINT('',#350);
#352=CARTESIAN_POINT('',(-48.25,6.,23.));
#353=DIRECTION('',(1.,0.,-0.));
#354=VECTOR('',#353,13.);
#355=LINE('',#352,#354);
#356=EDGE_CURVE('',#351,#343,#355,.T.);
#357=ORIENTED_EDGE('',*,*,#356,.F.);
#358=CARTESIAN_POINT('',(-48.25,6.,-13.));
#359=VERTEX_POINT('',#358);
#360=CARTESIAN_POINT('',(-48.25,6.,-13.));
#361=DIRECTION('',(0.,0.,1.));
#362=VECTOR('',#361,36.);
#363=LINE('',#360,#362);
#364=EDGE_CURVE('NONE',#359,#351,#363,.T.);
#365=ORIENTED_EDGE('',*,*,#364,.F.);
#366=CARTESIAN_POINT('',(-48.25,6.,-13.));
#367=DIRECTION('',(-1.,-0.,0.));
#368=VECTOR('',#367,21.5);
#369=LINE('',#366,#368);
#370=EDGE_CURVE('NONE',#359,#311,#369,.T.);
#371=ORIENTED_EDGE('',*,*,#370,.T.);
#372=EDGE_LOOP('',(#317,#325,#333,#341,#349,#357,#365,#371));
#373=FACE_BOUND('',#372,.T.);
#374=ADVANCED_FACE('',(#247,#267,#287,#307,#373),#227,.F.);
#375=CARTESIAN_POINT('',(-71.292893219,9.,-13.));
#376=DIRECTION('',(0.,0.,-1.));
#377=DIRECTION('',(-1.,0.,0.));
#378=AXIS2_PLACEMENT_3D('',#375,#376,#377);
#379=CYLINDRICAL_SURFACE('',#378,0.5);
#380=CARTESIAN_POINT('',(-71.792893219,9.,-13.));
#381=VERTEX_POINT('',#380);
#382=CARTESIAN_POINT('',(-71.792893219,9.,42.));
#383=VERTEX_POINT('',#382);
#384=CARTESIAN_POINT('',(-71.792893219,9.,-13.));
#385=DIRECTION('',(-0.,-0.,1.));
#386=VECTOR('',#385,55.);
#387=LINE('',#384,#386);
#388=EDGE_CURVE('',#381,#383,#387,.T.);
#389=ORIENTED_EDGE('',*,*,#388,.F.);
#390=CARTESIAN_POINT('',(-71.646446609,9.353553391,-13.));
#391=VERTEX_POINT('',#390);
#392=CARTESIAN_POINT('',(-71.292893219,9.,-13.));
#393=DIRECTION('',(-0.,-0.,1.));
#394=DIRECTION('',(-1.,0.,0.));
#395=AXIS2_PLACEMENT_3D('',#392,#393,#394);
#396=CIRCLE('',#395,0.5);
#397=EDGE_CURVE('NONE',#391,#381,#396,.T.);
#398=ORIENTED_EDGE('',*,*,#397,.F.);
#399=CARTESIAN_POINT('',(-71.646446609,9.353553391,42.));
#400=VERTEX_POINT('',#399);
#401=CARTESIAN_POINT('',(-71.646446609,9.353553391,42.));
#402=DIRECTION('',(-0.,-0.,-1.));
#403=VECTOR('',#402,55.);
#404=LINE('',#401,#403);
#405=EDGE_CURVE('NONE',#400,#391,#404,.T.);
#406=ORIENTED_EDGE('',*,*,#405,.F.);
#407=CARTESIAN_POINT('',(-71.292893219,9.,42.));
#408=DIRECTION('',(0.,0.,-1.));
#409=DIRECTION('',(-1.,0.,0.));
#410=AXIS2_PLACEMENT_3D('',#407,#408,#409);
#411=CIRCLE('',#410,0.5);
#412=EDGE_CURVE('NONE',#383,#400,#411,.T.);
#413=ORIENTED_EDGE('',*,*,#412,.F.);
#414=EDGE_LOOP('',(#389,#398,#406,#413));
#415=FACE_BOUND('',#414,.T.);
#416=ADVANCED_FACE('NONE',(#415),#379,.F.);
#417=CARTESIAN_POINT('',(-70.792893219,9.,52.707037384));
#418=DIRECTION('',(0.,0.,-1.));
#419=DIRECTION('',(-1.,0.,0.));
#420=AXIS2_PLACEMENT_3D('',#417,#418,#419);
#421=CYLINDRICAL_SURFACE('',#420,0.5);
#422=CARTESIAN_POINT('',(-71.292893219,9.,-12.25));
#423=VERTEX_POINT('',#422);
#424=CARTESIAN_POINT('',(-71.292893219,9.,46.));
#425=VERTEX_POINT('',#424);
#426=CARTESIAN_POINT('',(-71.292893219,9.,-12.25));
#427=DIRECTION('',(-0.,-0.,1.));
#428=VECTOR('',#427,58.25);
#429=LINE('',#426,#428);
#430=EDGE_CURVE('',#423,#425,#429,.T.);
#431=ORIENTED_EDGE('',*,*,#430,.T.);
#432=CARTESIAN_POINT('',(-71.146446609,9.353553391,46.));
#433=VERTEX_POINT('',#432);
#434=CARTESIAN_POINT('',(-70.792893219,9.,46.));
#435=DIRECTION('',(-0.,-0.,1.));
#436=DIRECTION('',(-1.,0.,0.));
#437=AXIS2_PLACEMENT_3D('',#434,#435,#436);
#438=CIRCLE('',#437,0.5);
#439=EDGE_CURVE('NONE',#433,#425,#438,.T.);
#440=ORIENTED_EDGE('',*,*,#439,.F.);
#441=CARTESIAN_POINT('',(-71.146446609,9.353553391,-12.25));
#442=VERTEX_POINT('',#441);
#443=CARTESIAN_POINT('',(-71.146446609,9.353553391,-12.25));
#444=DIRECTION('',(0.,0.,1.));
#445=VECTOR('',#444,58.25);
#446=LINE('',#443,#445);
#447=EDGE_CURVE('NONE',#442,#433,#446,.T.);
#448=ORIENTED_EDGE('',*,*,#447,.F.);
#449=CARTESIAN_POINT('',(-70.792893219,9.,-12.25));
#450=DIRECTION('',(0.,0.,-1.));
#451=DIRECTION('',(-1.,0.,0.));
#452=AXIS2_PLACEMENT_3D('',#449,#450,#451);
#453=CIRCLE('',#452,0.5);
#454=EDGE_CURVE('NONE',#423,#442,#453,.T.);
#455=ORIENTED_EDGE('',*,*,#454,.F.);
#456=EDGE_LOOP('',(#431,#440,#448,#455));
#457=FACE_BOUND('',#456,.T.);
#458=ADVANCED_FACE('NONE',(#457),#421,.T.);
#459=CARTESIAN_POINT('',(-59.,0.,29.4));
#460=DIRECTION('',(0.,-1.,0.));
#461=DIRECTION('',(0.,0.,-1.));
#462=AXIS2_PLACEMENT_3D('',#459,#460,#461);
#463=CYLINDRICAL_SURFACE('',#462,3.96875);
#464=CARTESIAN_POINT('',(-59.,0.,25.43125));
#465=VERTEX_POINT('',#464);
#466=CARTESIAN_POINT('',(-59.,7.,25.43125));
#467=VERTEX_POINT('',#466);
#468=CARTESIAN_POINT('',(-59.,0.,25.43125));
#469=DIRECTION('',(-0.,1.,-0.));
#470=VECTOR('',#469,7.);
#471=LINE('',#468,#470);
#472=EDGE_CURVE('',#465,#467,#471,.T.);
#473=ORIENTED_EDGE('',*,*,#472,.F.);
#474=CARTESIAN_POINT('',(-55.197720795,0.,28.262612903));
#475=VERTEX_POINT('',#474);
#476=CARTESIAN_POINT('',(-59.,0.,29.4));
#477=DIRECTION('',(0.,-1.,0.));
#478=DIRECTION('',(0.,0.,-1.));
#479=AXIS2_PLACEMENT_3D('',#476,#477,#478);
#480=CIRCLE('',#479,3.96875);
#481=EDGE_CURVE('NONE',#465,#475,#480,.T.);
#482=ORIENTED_EDGE('',*,*,#481,.T.);
#483=CARTESIAN_POINT('',(-59.,1.858481915,33.36875));
#484=VERTEX_POINT('',#483);
#485=CARTESIAN_POINT('',(-55.197720795,0.,28.262612903));
#486=CARTESIAN_POINT('',(-54.366326165,1.011599929,31.041960866));
#487=CARTESIAN_POINT('',(-56.098967057,1.858481915,33.36875));
#488=CARTESIAN_POINT('',(-59.,1.858481915,33.36875));
#489=(BOUNDED_CURVE()
B_SPLINE_CURVE(3,(#485,#486,#487,#488),.UNSPECIFIED.,.F.,.F.)
B_SPLINE_CURVE_WITH_KNOTS((4,4),(1.280135156,3.141592654),.UNSPECIFIED.)
CURVE()
GEOMETRIC_REPRESENTATION_ITEM()
RATIONAL_B_SPLINE_CURVE((1.,0.731499763,0.731499763,1.))
REPRESENTATION_ITEM(''));
#490=EDGE_CURVE('NONE',#475,#484,#489,.T.);
#491=ORIENTED_EDGE('',*,*,#490,.T.);
#492=CARTESIAN_POINT('',(-62.802279205,0.,28.262612903));
#493=VERTEX_POINT('',#492);
#494=CARTESIAN_POINT('',(-59.,1.858481915,33.36875));
#495=CARTESIAN_POINT('',(-61.901032943,1.858481915,33.36875));
#496=CARTESIAN_POINT('',(-63.633673835,1.011599929,31.041960866));
#497=CARTESIAN_POINT('',(-62.802279205,0.,28.262612903));
#498=(BOUNDED_CURVE()
B_SPLINE_CURVE(3,(#494,#495,#496,#497),.UNSPECIFIED.,.F.,.F.)
B_SPLINE_CURVE_WITH_KNOTS((4,4),(3.141592654,5.003050151),.UNSPECIFIED.)
CURVE()
GEOMETRIC_REPRESENTATION_ITEM()
RATIONAL_B_SPLINE_CURVE((1.,0.731499763,0.731499763,1.))
REPRESENTATION_ITEM(''));
#499=EDGE_CURVE('NONE',#484,#493,#498,.T.);
#500=ORIENTED_EDGE('',*,*,#499,.T.);
#501=CARTESIAN_POINT('',(-59.,0.,29.4));
#502=DIRECTION('',(0.,-1.,0.));
#503=DIRECTION('',(0.,0.,-1.));
#504=AXIS2_PLACEMENT_3D('',#501,#502,#503);
#505=CIRCLE('',#504,3.96875);
#506=EDGE_CURVE('NONE',#493,#465,#505,.T.);
#507=ORIENTED_EDGE('',*,*,#506,.T.);
#508=ORIENTED_EDGE('',*,*,#472,.T.);
#509=CARTESIAN_POINT('',(-59.,7.,29.4));
#510=DIRECTION('',(0.,-1.,0.));
#511=DIRECTION('',(0.,0.,-1.));
#512=AXIS2_PLACEMENT_3D('',#509,#510,#511);
#513=CIRCLE('',#512,3.96875);
#514=EDGE_CURVE('NONE',#467,#467,#513,.T.);
#515=ORIENTED_EDGE('',*,*,#514,.F.);
#516=EDGE_LOOP('',(#473,#482,#491,#500,#507,#508,#515));
#517=FACE_BOUND('',#516,.T.);
#518=ADVANCED_FACE('NONE',(#517),#463,.F.);
#519=CARTESIAN_POINT('',(-59.,0.,29.4));
#520=DIRECTION('',(0.,-1.,0.));
#521=DIRECTION('',(0.,0.,-1.));
#522=AXIS2_PLACEMENT_3D('',#519,#520,#521);
#523=CYLINDRICAL_SURFACE('',#522,2.85);
#524=CARTESIAN_POINT('',(-59.,7.,26.55));
#525=VERTEX_POINT('',#524);
#526=CARTESIAN_POINT('',(-59.,12.,26.55));
#527=VERTEX_POINT('',#526);
#528=CARTESIAN_POINT('',(-59.,7.,26.55));
#529=DIRECTION('',(-0.,1.,-0.));
#530=VECTOR('',#529,5.);
#531=LINE('',#528,#530);
#532=EDGE_CURVE('',#525,#527,#531,.T.);
#533=ORIENTED_EDGE('',*,*,#532,.F.);
#534=CARTESIAN_POINT('',(-59.,7.,32.25));
#535=VERTEX_POINT('',#534);
#536=CARTESIAN_POINT('',(-59.,7.,29.4));
#537=DIRECTION('',(-0.,-1.,-0.));
#538=DIRECTION('',(0.,-0.,1.));
#539=AXIS2_PLACEMENT_3D('',#536,#537,#538);
#540=CIRCLE('',#539,2.85);
#541=EDGE_CURVE('NONE',#525,#535,#540,.T.);
#542=ORIENTED_EDGE('',*,*,#541,.T.);
#543=CARTESIAN_POINT('',(-59.,7.,29.4));
#544=DIRECTION('',(-0.,-1.,-0.));
#545=DIRECTION('',(0.,-0.,1.));
#546=AXIS2_PLACEMENT_3D('',#543,#544,#545);
#547=CIRCLE('',#546,2.85);
#548=EDGE_CURVE('NONE',#535,#525,#547,.T.);
#549=ORIENTED_EDGE('',*,*,#548,.T.);
#550=ORIENTED_EDGE('',*,*,#532,.T.);
#551=CARTESIAN_POINT('',(-61.85,12.,29.4));
#552=VERTEX_POINT('',#551);
#553=CARTESIAN_POINT('',(-59.,12.,29.4));
#554=DIRECTION('',(0.,1.,0.));
#555=DIRECTION('',(-1.,0.,0.));
#556=AXIS2_PLACEMENT_3D('',#553,#554,#555);
#557=CIRCLE('',#556,2.85);
#558=EDGE_CURVE('NONE',#527,#552,#557,.T.);
#559=ORIENTED_EDGE('',*,*,#558,.T.);
#560=CARTESIAN_POINT('',(-59.,12.,29.4));
#561=DIRECTION('',(0.,1.,0.));
#562=DIRECTION('',(-1.,0.,0.));
#563=AXIS2_PLACEMENT_3D('',#560,#561,#562);
#564=CIRCLE('',#563,2.85);
#565=EDGE_CURVE('NONE',#552,#527,#564,.T.);
#566=ORIENTED_EDGE('',*,*,#565,.T.);
#567=EDGE_LOOP('',(#533,#542,#549,#550,#559,#566));
#568=FACE_BOUND('',#567,.T.);
#569=ADVANCED_FACE('NONE',(#568),#523,.F.);
#570=CARTESIAN_POINT('',(-59.,0.,-21.4));
#571=DIRECTION('',(0.,-1.,0.));
#572=DIRECTION('',(0.,0.,-1.));
#573=AXIS2_PLACEMENT_3D('',#570,#571,#572);
#574=CYLINDRICAL_SURFACE('',#573,2.85);
#575=CARTESIAN_POINT('',(-59.,7.,-24.25));
#576=VERTEX_POINT('',#575);
#577=CARTESIAN_POINT('',(-59.,12.,-24.25));
#578=VERTEX_POINT('',#577);
#579=CARTESIAN_POINT('',(-59.,7.,-24.25));
#580=DIRECTION('',(-0.,1.,-0.));
#581=VECTOR('',#580,5.);
#582=LINE('',#579,#581);
#583=EDGE_CURVE('',#576,#578,#582,.T.);
#584=ORIENTED_EDGE('',*,*,#583,.F.);
#585=CARTESIAN_POINT('',(-59.,7.,-18.55));
#586=VERTEX_POINT('',#585);
#587=CARTESIAN_POINT('',(-59.,7.,-21.4));
#588=DIRECTION('',(-0.,-1.,-0.));
#589=DIRECTION('',(0.,-0.,1.));
#590=AXIS2_PLACEMENT_3D('',#587,#588,#589);
#591=CIRCLE('',#590,2.85);
#592=EDGE_CURVE('NONE',#576,#586,#591,.T.);
#593=ORIENTED_EDGE('',*,*,#592,.T.);
#594=CARTESIAN_POINT('',(-59.,7.,-21.4));
#595=DIRECTION('',(-0.,-1.,-0.));
#596=DIRECTION('',(0.,-0.,1.));
#597=AXIS2_PLACEMENT_3D('',#594,#595,#596);
#598=CIRCLE('',#597,2.85);
#599=EDGE_CURVE('NONE',#586,#576,#598,.T.);
#600=ORIENTED_EDGE('',*,*,#599,.T.);
#601=ORIENTED_EDGE('',*,*,#583,.T.);
#602=CARTESIAN_POINT('',(-59.,12.,-21.4));
#603=DIRECTION('',(0.,-1.,0.));
#604=DIRECTION('',(0.,0.,-1.));
#605=AXIS2_PLACEMENT_3D('',#602,#603,#604);
#606=CIRCLE('',#605,2.85);
#607=EDGE_CURVE('NONE',#578,#578,#606,.T.);
#608=ORIENTED_EDGE('',*,*,#607,.F.);
#609=EDGE_LOOP('',(#584,#593,#600,#601,#608));
#610=FACE_BOUND('',#609,.T.);
#611=ADVANCED_FACE('NONE',(#610),#574,.F.);
#612=CARTESIAN_POINT('',(-59.,0.,-21.4));
#613=DIRECTION('',(0.,-1.,0.));
#614=DIRECTION('',(0.,0.,-1.));
#615=AXIS2_PLACEMENT_3D('',#612,#613,#614);
#616=CYLINDRICAL_SURFACE('',#615,3.96875);
#617=CARTESIAN_POINT('',(-59.,2.826716883,-25.36875));
#618=VERTEX_POINT('',#617);
#619=CARTESIAN_POINT('',(-59.,7.,-25.36875));
#620=VERTEX_POINT('',#619);
#621=CARTESIAN_POINT('',(-59.,2.826716883,-25.36875));
#622=DIRECTION('',(-0.,1.,-0.));
#623=VECTOR('',#622,4.173283117);
#624=LINE('',#621,#623);
#625=EDGE_CURVE('',#618,#620,#624,.T.);
#626=ORIENTED_EDGE('',*,*,#625,.F.);
#627=CARTESIAN_POINT('',(-55.076866487,0.,-22.));
#628=VERTEX_POINT('',#627);
#629=CARTESIAN_POINT('',(-55.076866487,0.,-22.));
#630=CARTESIAN_POINT('',(-55.387415054,1.703824657,-24.030539156));
#631=CARTESIAN_POINT('',(-56.94585062,2.826716883,-25.36875));
#632=CARTESIAN_POINT('',(-59.,2.826716883,-25.36875));
#633=(BOUNDED_CURVE()
B_SPLINE_CURVE(3,(#629,#630,#631,#632),.UNSPECIFIED.,.F.,.F.)
B_SPLINE_CURVE_WITH_KNOTS((4,4),(1.722559326,3.141592654),.UNSPECIFIED.)
CURVE()
GEOMETRIC_REPRESENTATION_ITEM()
RATIONAL_B_SPLINE_CURVE((1.,0.839117895,0.839117895,1.))
REPRESENTATION_ITEM(''));
#634=EDGE_CURVE('NONE',#628,#618,#633,.T.);
#635=ORIENTED_EDGE('',*,*,#634,.F.);
#636=CARTESIAN_POINT('',(-57.241513324,0.,-17.842093147));
#637=VERTEX_POINT('',#636);
#638=CARTESIAN_POINT('',(-59.,0.,-21.4));
#639=DIRECTION('',(0.,-1.,0.));
#640=DIRECTION('',(0.,0.,-1.));
#641=AXIS2_PLACEMENT_3D('',#638,#639,#640);
#642=CIRCLE('',#641,3.96875);
#643=EDGE_CURVE('NONE',#628,#637,#642,.T.);
#644=ORIENTED_EDGE('',*,*,#643,.T.);
#645=CARTESIAN_POINT('',(-60.758486676,0.,-17.842093147));
#646=VERTEX_POINT('',#645);
#647=CARTESIAN_POINT('',(-60.758486676,0.,-17.842093147));
#648=CARTESIAN_POINT('',(-60.48310098,0.,-17.705984447));
#649=CARTESIAN_POINT('',(-60.198626305,0.025941044,-17.60449338));
#650=CARTESIAN_POINT('',(-59.90392774,0.048139794,-17.535560687));
#651=CARTESIAN_POINT('',(-59.756578458,0.05923917,-17.501094341));
#652=CARTESIAN_POINT('',(-59.605807202,0.069706079,-17.474792862));
#653=CARTESIAN_POINT('',(-59.454240998,0.076984391,-17.457330641));
#654=CARTESIAN_POINT('',(-59.302674794,0.084262702,-17.439868419));
#655=CARTESIAN_POINT('',(-59.151383559,0.08828764,-17.431264018));
#656=CARTESIAN_POINT('',(-59.000367949,0.08829395,-17.431250017));
#657=CARTESIAN_POINT('',(-58.849352339,0.088300259,-17.431236016));
#658=CARTESIAN_POINT('',(-58.698612323,0.084292727,-17.439813024));
#659=CARTESIAN_POINT('',(-58.548141381,0.077098552,-17.457056892));
#660=CARTESIAN_POINT('',(-58.39767044,0.069904378,-17.47430076));
#661=CARTESIAN_POINT('',(-58.24659736,0.05946847,-17.5004455));
#662=CARTESIAN_POINT('',(-58.098371957,0.048312958,-17.535023489));
#663=CARTESIAN_POINT('',(-57.80192115,0.026001933,-17.604179467));
#664=CARTESIAN_POINT('',(-57.516726175,-0.,-17.706069875));
#665=CARTESIAN_POINT('',(-57.241513324,-0.,-17.842093147));
#666=B_SPLINE_CURVE_WITH_KNOTS('',3,(#647,#648,#649,#650,#651,#652,#653,#654,#655,#656,#657,#658,#659,#660,#661,#662,#663,#664,#665),.UNSPECIFIED.,.F.,.F.,(4,3,3,3,3,3,4),(0.,0.000908167,0.00136225,0.001816333,0.002270417,0.0027245,0.003632666),.UNSPECIFIED.);
#667=EDGE_CURVE('NONE',#646,#637,#666,.T.);
#668=ORIENTED_EDGE('',*,*,#667,.F.);
#669=CARTESIAN_POINT('',(-62.923133513,0.,-22.));
#670=VERTEX_POINT('',#669);
#671=CARTESIAN_POINT('',(-59.,0.,-21.4));
#672=DIRECTION('',(0.,-1.,0.));
#673=DIRECTION('',(0.,0.,-1.));
#674=AXIS2_PLACEMENT_3D('',#671,#672,#673);
#675=CIRCLE('',#674,3.96875);
#676=EDGE_CURVE('NONE',#646,#670,#675,.T.);
#677=ORIENTED_EDGE('',*,*,#676,.T.);
#678=CARTESIAN_POINT('',(-59.,2.826716883,-25.36875));
#679=CARTESIAN_POINT('',(-61.05414938,2.826716883,-25.36875));
#680=CARTESIAN_POINT('',(-62.612584946,1.703824657,-24.030539156));
#681=CARTESIAN_POINT('',(-62.923133513,0.,-22.));
#682=(BOUNDED_CURVE()
B_SPLINE_CURVE(3,(#678,#679,#680,#681),.UNSPECIFIED.,.F.,.F.)
B_SPLINE_CURVE_WITH_KNOTS((4,4),(3.141592654,4.560625981),.UNSPECIFIED.)
CURVE()
GEOMETRIC_REPRESENTATION_ITEM()
RATIONAL_B_SPLINE_CURVE((1.,0.839117895,0.839117895,1.))
REPRESENTATION_ITEM(''));
#683=EDGE_CURVE('NONE',#618,#670,#682,.T.);
#684=ORIENTED_EDGE('',*,*,#683,.F.);
#685=ORIENTED_EDGE('',*,*,#625,.T.);
#686=CARTESIAN_POINT('',(-59.,7.,-21.4));
#687=DIRECTION('',(0.,-1.,0.));
#688=DIRECTION('',(0.,0.,-1.));
#689=AXIS2_PLACEMENT_3D('',#686,#687,#688);
#690=CIRCLE('',#689,3.96875);
#691=EDGE_CURVE('NONE',#620,#620,#690,.T.);
#692=ORIENTED_EDGE('',*,*,#691,.F.);
#693=EDGE_LOOP('',(#626,#635,#644,#668,#677,#684,#685,#692));
#694=FACE_BOUND('',#693,.T.);
#695=ADVANCED_FACE('NONE',(#694),#616,.F.);
#696=CARTESIAN_POINT('',(-69.,4.04678796,15.982962913));
#697=DIRECTION('',(1.,0.,0.));
#698=DIRECTION('',(0.,0.,-1.));
#699=AXIS2_PLACEMENT_3D('',#696,#697,#698);
#700=CYLINDRICAL_SURFACE('',#699,0.5);
#701=CARTESIAN_POINT('',(-64.75,4.04678796,15.482962913));
#702=VERTEX_POINT('',#701);
#703=CARTESIAN_POINT('',(-69.,4.04678796,15.482962913));
#704=VERTEX_POINT('',#703);
#705=CARTESIAN_POINT('',(-64.75,4.04678796,15.482962913));
#706=DIRECTION('',(-1.,-0.,0.));
#707=VECTOR('',#706,4.25);
#708=LINE('',#705,#707);
#709=EDGE_CURVE('',#702,#704,#708,.T.);
#710=ORIENTED_EDGE('',*,*,#709,.T.);
#711=CARTESIAN_POINT('',(-69.,4.479800662,15.732962913));
#712=VERTEX_POINT('',#711);
#713=CARTESIAN_POINT('',(-69.,4.04678796,15.982962913));
#714=DIRECTION('',(-1.,-0.,-0.));
#715=DIRECTION('',(0.,0.,-1.));
#716=AXIS2_PLACEMENT_3D('',#713,#714,#715);
#717=CIRCLE('',#716,0.5);
#718=EDGE_CURVE('NONE',#712,#704,#717,.T.);
#719=ORIENTED_EDGE('',*,*,#718,.F.);
#720=CARTESIAN_POINT('',(-64.75,4.479800662,15.732962913));
#721=VERTEX_POINT('',#720);
#722=CARTESIAN_POINT('',(-69.,4.479800662,15.732962913));
#723=DIRECTION('',(1.,0.,-0.));
#724=VECTOR('',#723,4.25);
#725=LINE('',#722,#724);
#726=EDGE_CURVE('NONE',#712,#721,#725,.T.);
#727=ORIENTED_EDGE('',*,*,#726,.T.);
#728=CARTESIAN_POINT('',(-64.75,4.04678796,15.982962913));
#729=DIRECTION('',(-1.,-0.,-0.));
#730=DIRECTION('',(0.,0.,-1.));
#731=AXIS2_PLACEMENT_3D('',#728,#729,#730);
#732=CIRCLE('',#731,0.5);
#733=EDGE_CURVE('NONE',#721,#702,#732,.T.);
#734=ORIENTED_EDGE('',*,*,#733,.T.);
#735=EDGE_LOOP('',(#710,#719,#727,#734));
#736=FACE_BOUND('',#735,.T.);
#737=ADVANCED_FACE('NONE',(#736),#700,.T.);
#738=CARTESIAN_POINT('',(-61.25,-36.323037024,20.125));
#739=DIRECTION('',(-0.,1.,0.));
#740=DIRECTION('',(-1.,-0.,0.));
#741=AXIS2_PLACEMENT_3D('',#738,#739,#740);
#742=CYLINDRICAL_SURFACE('',#741,0.875);
#743=CARTESIAN_POINT('',(-62.125,12.,20.125));
#744=VERTEX_POINT('',#743);
#745=CARTESIAN_POINT('',(-62.125,6.5,20.125));
#746=VERTEX_POINT('',#745);
#747=CARTESIAN_POINT('',(-62.125,12.,20.125));
#748=DIRECTION('',(0.,-1.,-0.));
#749=VECTOR('',#748,5.5);
#750=LINE('',#747,#749);
#751=EDGE_CURVE('',#744,#746,#750,.T.);
#752=ORIENTED_EDGE('',*,*,#751,.F.);
#753=CARTESIAN_POINT('',(-61.25,12.,21.));
#754=VERTEX_POINT('',#753);
#755=CARTESIAN_POINT('',(-61.25,12.,20.125));
#756=DIRECTION('',(-0.,1.,0.));
#757=DIRECTION('',(-1.,-0.,0.));
#758=AXIS2_PLACEMENT_3D('',#755,#756,#757);
#759=CIRCLE('',#758,0.875);
#760=EDGE_CURVE('NONE',#744,#754,#759,.T.);
#761=ORIENTED_EDGE('',*,*,#760,.T.);
#762=CARTESIAN_POINT('',(-61.25,6.5,21.));
#763=VERTEX_POINT('',#762);
#764=CARTESIAN_POINT('',(-61.25,6.5,21.));
#765=DIRECTION('',(0.,1.,0.));
#766=VECTOR('',#765,5.5);
#767=LINE('',#764,#766);
#768=EDGE_CURVE('NONE',#763,#754,#767,.T.);
#769=ORIENTED_EDGE('',*,*,#768,.F.);
#770=CARTESIAN_POINT('',(-61.25,6.5,20.125));
#771=DIRECTION('',(-0.,1.,0.));
#772=DIRECTION('',(-1.,-0.,0.));
#773=AXIS2_PLACEMENT_3D('',#770,#771,#772);
#774=CIRCLE('',#773,0.875);
#775=EDGE_CURVE('NONE',#746,#763,#774,.T.);
#776=ORIENTED_EDGE('',*,*,#775,.F.);
#777=EDGE_LOOP('',(#752,#761,#769,#776));
#778=FACE_BOUND('',#777,.T.);
#779=ADVANCED_FACE('NONE',(#778),#742,.F.);
#780=CARTESIAN_POINT('',(-61.25,-36.323037024,12.839285714));
#781=DIRECTION('',(-0.,1.,0.));
#782=DIRECTION('',(-1.,-0.,0.));
#783=AXIS2_PLACEMENT_3D('',#780,#781,#782);
#784=CYLINDRICAL_SURFACE('',#783,0.875);
#785=CARTESIAN_POINT('',(-62.125,12.,12.839285714));
#786=VERTEX_POINT('',#785);
#787=CARTESIAN_POINT('',(-62.125,6.5,12.839285714));
#788=VERTEX_POINT('',#787);
#789=CARTESIAN_POINT('',(-62.125,12.,12.839285714));
#790=DIRECTION('',(0.,-1.,-0.));
#791=VECTOR('',#790,5.5);
#792=LINE('',#789,#791);
#793=EDGE_CURVE('',#786,#788,#792,.T.);
#794=ORIENTED_EDGE('',*,*,#793,.F.);
#795=CARTESIAN_POINT('',(-61.25,12.,13.714285714));
#796=VERTEX_POINT('',#795);
#797=CARTESIAN_POINT('',(-61.25,12.,12.839285714));
#798=DIRECTION('',(-0.,1.,0.));
#799=DIRECTION('',(-1.,-0.,0.));
#800=AXIS2_PLACEMENT_3D('',#797,#798,#799);
#801=CIRCLE('',#800,0.875);
#802=EDGE_CURVE('NONE',#786,#796,#801,.T.);
#803=ORIENTED_EDGE('',*,*,#802,.T.);
#804=CARTESIAN_POINT('',(-61.25,6.5,13.714285714));
#805=VERTEX_POINT('',#804);
#806=CARTESIAN_POINT('',(-61.25,6.5,13.714285714));
#807=DIRECTION('',(0.,1.,0.));
#808=VECTOR('',#807,5.5);
#809=LINE('',#806,#808);
#810=EDGE_CURVE('NONE',#805,#796,#809,.T.);
#811=ORIENTED_EDGE('',*,*,#810,.F.);
#812=CARTESIAN_POINT('',(-61.25,6.5,12.839285714));
#813=DIRECTION('',(-0.,1.,0.));
#814=DIRECTION('',(-1.,-0.,0.));
#815=AXIS2_PLACEMENT_3D('',#812,#813,#814);
#816=CIRCLE('',#815,0.875);
#817=EDGE_CURVE('NONE',#788,#805,#816,.T.);
#818=ORIENTED_EDGE('',*,*,#817,.F.);
#819=EDGE_LOOP('',(#794,#803,#811,#818));
#820=FACE_BOUND('',#819,.T.);
#821=ADVANCED_FACE('NONE',(#820),#784,.F.);
#822=CARTESIAN_POINT('',(-61.25,-36.323037024,5.553571429));
#823=DIRECTION('',(-0.,1.,0.));
#824=DIRECTION('',(-1.,-0.,0.));
#825=AXIS2_PLACEMENT_3D('',#822,#823,#824);
#826=CYLINDRICAL_SURFACE('',#825,0.875);
#827=CARTESIAN_POINT('',(-62.125,12.,5.553571429));
#828=VERTEX_POINT('',#827);
#829=CARTESIAN_POINT('',(-62.125,6.5,5.553571429));
#830=VERTEX_POINT('',#829);
#831=CARTESIAN_POINT('',(-62.125,12.,5.553571429));
#832=DIRECTION('',(0.,-1.,-0.));
#833=VECTOR('',#832,5.5);
#834=LINE('',#831,#833);
#835=EDGE_CURVE('',#828,#830,#834,.T.);
#836=ORIENTED_EDGE('',*,*,#835,.F.);
#837=CARTESIAN_POINT('',(-61.25,12.,6.428571429));
#838=VERTEX_POINT('',#837);
#839=CARTESIAN_POINT('',(-61.25,12.,5.553571429));
#840=DIRECTION('',(-0.,1.,0.));
#841=DIRECTION('',(-1.,-0.,0.));
#842=AXIS2_PLACEMENT_3D('',#839,#840,#841);
#843=CIRCLE('',#842,0.875);
#844=EDGE_CURVE('NONE',#828,#838,#843,.T.);
#845=ORIENTED_EDGE('',*,*,#844,.T.);
#846=CARTESIAN_POINT('',(-61.25,6.5,6.428571429));
#847=VERTEX_POINT('',#846);
#848=CARTESIAN_POINT('',(-61.25,6.5,6.428571429));
#849=DIRECTION('',(-0.,1.,-0.));
#850=VECTOR('',#849,5.5);
#851=LINE('',#848,#850);
#852=EDGE_CURVE('NONE',#847,#838,#851,.T.);
#853=ORIENTED_EDGE('',*,*,#852,.F.);
#854=CARTESIAN_POINT('',(-61.25,6.5,5.553571429));
#855=DIRECTION('',(-0.,1.,0.));
#856=DIRECTION('',(-1.,-0.,0.));
#857=AXIS2_PLACEMENT_3D('',#854,#855,#856);
#858=CIRCLE('',#857,0.875);
#859=EDGE_CURVE('NONE',#830,#847,#858,.T.);
#860=ORIENTED_EDGE('',*,*,#859,.F.);
#861=EDGE_LOOP('',(#836,#845,#853,#860));
#862=FACE_BOUND('',#861,.T.);
#863=ADVANCED_FACE('NONE',(#862),#826,.F.);
#864=CARTESIAN_POINT('',(-61.25,-36.323037024,-1.732142857));
#865=DIRECTION('',(-0.,1.,0.));
#866=DIRECTION('',(-1.,-0.,0.));
#867=AXIS2_PLACEMENT_3D('',#864,#865,#866);
#868=CYLINDRICAL_SURFACE('',#867,0.875);
#869=CARTESIAN_POINT('',(-62.125,12.,-1.732142857));
#870=VERTEX_POINT('',#869);
#871=CARTESIAN_POINT('',(-62.125,6.5,-1.732142857));
#872=VERTEX_POINT('',#871);
#873=CARTESIAN_POINT('',(-62.125,12.,-1.732142857));
#874=DIRECTION('',(0.,-1.,-0.));
#875=VECTOR('',#874,5.5);
#876=LINE('',#873,#875);
#877=EDGE_CURVE('',#870,#872,#876,.T.);
#878=ORIENTED_EDGE('',*,*,#877,.F.);
#879=CARTESIAN_POINT('',(-61.25,12.,-0.857142857));
#880=VERTEX_POINT('',#879);
#881=CARTESIAN_POINT('',(-61.25,12.,-1.732142857));
#882=DIRECTION('',(-0.,1.,0.));
#883=DIRECTION('',(-1.,-0.,0.));
#884=AXIS2_PLACEMENT_3D('',#881,#882,#883);
#885=CIRCLE('',#884,0.875);
#886=EDGE_CURVE('NONE',#870,#880,#885,.T.);
#887=ORIENTED_EDGE('',*,*,#886,.T.);
#888=CARTESIAN_POINT('',(-61.25,6.5,-0.857142857));
#889=VERTEX_POINT('',#888);
#890=CARTESIAN_POINT('',(-61.25,6.5,-0.857142857));
#891=DIRECTION('',(-0.,1.,0.));
#892=VECTOR('',#891,5.5);
#893=LINE('',#890,#892);
#894=EDGE_CURVE('NONE',#889,#880,#893,.T.);
#895=ORIENTED_EDGE('',*,*,#894,.F.);
#896=CARTESIAN_POINT('',(-61.25,6.5,-1.732142857));
#897=DIRECTION('',(-0.,1.,0.));
#898=DIRECTION('',(-1.,-0.,0.));
#899=AXIS2_PLACEMENT_3D('',#896,#897,#898);
#900=CIRCLE('',#899,0.875);
#901=EDGE_CURVE('NONE',#872,#889,#900,.T.);
#902=ORIENTED_EDGE('',*,*,#901,.F.);
#903=EDGE_LOOP('',(#878,#887,#895,#902));
#904=FACE_BOUND('',#903,.T.);
#905=ADVANCED_FACE('NONE',(#904),#868,.F.);
#906=CARTESIAN_POINT('',(-59.,0.,0.));
#907=DIRECTION('',(0.,-1.,0.));
#908=DIRECTION('',(0.,0.,-1.));
#909=AXIS2_PLACEMENT_3D('',#906,#907,#908);
#910=PLANE('',#909);
#911=CARTESIAN_POINT('',(-69.75,0.,28.262612903));
#912=VERTEX_POINT('',#911);
#913=CARTESIAN_POINT('',(-82.75,0.,28.262612903));
#914=VERTEX_POINT('',#913);
#915=CARTESIAN_POINT('',(-69.75,0.,28.262612903));
#916=DIRECTION('',(-1.,-0.,0.));
#917=VECTOR('',#916,13.);
#918=LINE('',#915,#917);
#919=EDGE_CURVE('',#912,#914,#918,.T.);
#920=ORIENTED_EDGE('',*,*,#919,.T.);
#921=CARTESIAN_POINT('',(-82.75,-0.,23.));
#922=VERTEX_POINT('',#921);
#923=CARTESIAN_POINT('',(-82.75,0.,23.));
#924=DIRECTION('',(0.,0.,1.));
#925=VECTOR('',#924,5.262612903);
#926=LINE('',#923,#925);
#927=EDGE_CURVE('NONE',#922,#914,#926,.T.);
#928=ORIENTED_EDGE('',*,*,#927,.F.);
#929=CARTESIAN_POINT('',(-69.75,-0.,23.));
#930=VERTEX_POINT('',#929);
#931=CARTESIAN_POINT('',(-69.75,-0.,23.));
#932=DIRECTION('',(-1.,0.,0.));
#933=VECTOR('',#932,13.);
#934=LINE('',#931,#933);
#935=EDGE_CURVE('NONE',#930,#922,#934,.T.);
#936=ORIENTED_EDGE('',*,*,#935,.F.);
#937=CARTESIAN_POINT('',(-69.75,0.,23.));
#938=DIRECTION('',(-0.,-0.,1.));
#939=VECTOR('',#938,5.262612903);
#940=LINE('',#937,#939);
#941=EDGE_CURVE('NONE',#930,#912,#940,.T.);
#942=ORIENTED_EDGE('',*,*,#941,.T.);
#943=EDGE_LOOP('',(#920,#928,#936,#942));
#944=FACE_BOUND('',#943,.T.);
#945=ADVANCED_FACE('NONE',(#944),#910,.T.);
#946=CARTESIAN_POINT('',(-89.1625,6.,23.));
#947=DIRECTION('',(0.,0.,1.));
#948=DIRECTION('',(1.,0.,0.));
#949=AXIS2_PLACEMENT_3D('',#946,#947,#948);
#950=PLANE('',#949);
#951=ORIENTED_EDGE('',*,*,#324,.T.);
#952=CARTESIAN_POINT('',(-69.75,-0.,23.));
#953=DIRECTION('',(0.,1.,0.));
#954=VECTOR('',#953,6.);
#955=LINE('',#952,#954);
#956=EDGE_CURVE('NONE',#930,#309,#955,.T.);
#957=ORIENTED_EDGE('',*,*,#956,.F.);
#958=ORIENTED_EDGE('',*,*,#935,.T.);
#959=CARTESIAN_POINT('',(-82.75,6.,23.));
#960=DIRECTION('',(0.,-1.,0.));
#961=VECTOR('',#960,6.);
#962=LINE('',#959,#961);
#963=EDGE_CURVE('NONE',#319,#922,#962,.T.);
#964=ORIENTED_EDGE('',*,*,#963,.F.);
#965=EDGE_LOOP('',(#951,#957,#958,#964));
#966=FACE_BOUND('',#965,.T.);
#967=ADVANCED_FACE('NONE',(#966),#950,.F.);
#968=CARTESIAN_POINT('',(-59.,0.,0.));
#969=DIRECTION('',(0.,-1.,0.));
#970=DIRECTION('',(0.,0.,-1.));
#971=AXIS2_PLACEMENT_3D('',#968,#969,#970);
#972=PLANE('',#971);
#973=CARTESIAN_POINT('',(-82.75,0.,-22.));
#974=VERTEX_POINT('',#973);
#975=CARTESIAN_POINT('',(-82.75,-0.,-17.842093147));
#976=VERTEX_POINT('',#975);
#977=CARTESIAN_POINT('',(-82.75,0.,-22.));
#978=DIRECTION('',(0.,0.,1.));
#979=VECTOR('',#978,4.157906853);
#980=LINE('',#977,#979);
#981=EDGE_CURVE('NONE',#974,#976,#980,.T.);
#982=ORIENTED_EDGE('',*,*,#981,.F.);
#983=CARTESIAN_POINT('',(-82.75,0.,-22.));
#984=DIRECTION('',(1.,0.,-0.));
#985=VECTOR('',#984,19.826866487);
#986=LINE('',#983,#985);
#987=EDGE_CURVE('',#974,#670,#986,.T.);
#988=ORIENTED_EDGE('',*,*,#987,.T.);
#989=ORIENTED_EDGE('',*,*,#676,.F.);
#990=CARTESIAN_POINT('',(-82.75,-0.,-17.842093147));
#991=DIRECTION('',(1.,0.,-0.));
#992=VECTOR('',#991,21.991513324);
#993=LINE('',#990,#992);
#994=EDGE_CURVE('NONE',#976,#646,#993,.T.);
#995=ORIENTED_EDGE('',*,*,#994,.F.);
#996=EDGE_LOOP('',(#982,#988,#989,#995));
#997=FACE_BOUND('',#996,.T.);
#998=ADVANCED_FACE('NONE',(#997),#972,.T.);
#999=CARTESIAN_POINT('',(-89.1625,10.908295205,-35.));
#1000=DIRECTION('',(0.,0.766044443,0.64278761));
#1001=DIRECTION('',(0.,-0.64278761,0.766044443));
#1002=AXIS2_PLACEMENT_3D('',#999,#1000,#1001);
#1003=PLANE('',#1002);
#1004=CARTESIAN_POINT('',(-35.25,5.873697418,-29.));
#1005=VERTEX_POINT('',#1004);
#1006=CARTESIAN_POINT('',(-35.25,0.,-22.));
#1007=VERTEX_POINT('',#1006);
#1008=CARTESIAN_POINT('',(-35.25,5.873697418,-29.));
#1009=DIRECTION('',(0.,-0.64278761,0.766044443));
#1010=VECTOR('',#1009,9.137851025);
#1011=LINE('',#1008,#1010);
#1012=EDGE_CURVE('NONE',#1005,#1007,#1011,.T.);
#1013=ORIENTED_EDGE('',*,*,#1012,.T.);
#1014=CARTESIAN_POINT('',(-55.076866487,0.,-22.));
#1015=DIRECTION('',(1.,0.,-0.));
#1016=VECTOR('',#1015,19.826866487);
#1017=LINE('',#1014,#1016);
#1018=EDGE_CURVE('',#628,#1007,#1017,.T.);
#1019=ORIENTED_EDGE('',*,*,#1018,.F.);
#1020=ORIENTED_EDGE('',*,*,#634,.T.);
#1021=ORIENTED_EDGE('',*,*,#683,.T.);
#1022=ORIENTED_EDGE('',*,*,#987,.F.);
#1023=CARTESIAN_POINT('',(-82.75,5.873697418,-29.));
#1024=VERTEX_POINT('',#1023);
#1025=CARTESIAN_POINT('',(-82.75,5.873697418,-29.));
#1026=DIRECTION('',(0.,-0.64278761,0.766044443));
#1027=VECTOR('',#1026,9.137851025);
#1028=LINE('',#1025,#1027);
#1029=EDGE_CURVE('NONE',#1024,#974,#1028,.T.);
#1030=ORIENTED_EDGE('',*,*,#1029,.F.);
#1031=CARTESIAN_POINT('',(-80.75,7.551896681,-31.));
#1032=VERTEX_POINT('',#1031);
#1033=CARTESIAN_POINT('',(-80.75,5.873697418,-29.));
#1034=DIRECTION('',(-0.,-0.766044443,-0.64278761));
#1035=DIRECTION('',(0.,-0.64278761,0.766044443));
#1036=AXIS2_PLACEMENT_3D('',#1033,#1034,#1035);
#1037=ELLIPSE('',#1036,2.610814579,2.);
#1038=EDGE_CURVE('NONE',#1024,#1032,#1037,.T.);
#1039=ORIENTED_EDGE('',*,*,#1038,.T.);
#1040=CARTESIAN_POINT('',(-37.25,7.551896681,-31.));
#1041=VERTEX_POINT('',#1040);
#1042=CARTESIAN_POINT('',(-37.25,7.551896681,-31.));
#1043=DIRECTION('',(-1.,-0.,0.));
#1044=VECTOR('',#1043,43.5);
#1045=LINE('',#1042,#1044);
#1046=EDGE_CURVE('NONE',#1041,#1032,#1045,.T.);
#1047=ORIENTED_EDGE('',*,*,#1046,.F.);
#1048=CARTESIAN_POINT('',(-37.25,5.873697418,-29.));
#1049=DIRECTION('',(-0.,-0.766044443,-0.64278761));
#1050=DIRECTION('',(0.,-0.64278761,0.766044443));
#1051=AXIS2_PLACEMENT_3D('',#1048,#1049,#1050);
#1052=ELLIPSE('',#1051,2.610814579,2.);
#1053=EDGE_CURVE('NONE',#1041,#1005,#1052,.T.);
#1054=ORIENTED_EDGE('',*,*,#1053,.T.);
#1055=EDGE_LOOP('',(#1013,#1019,#1020,#1021,#1022,#1030,#1039,#1047,#1054));
#1056=FACE_BOUND('',#1055,.T.);
#1057=ADVANCED_FACE('NONE',(#1056),#1003,.F.);
#1058=CARTESIAN_POINT('',(-89.1625,5.,42.));
#1059=DIRECTION('',(0.,-0.939692621,0.342020143));
#1060=DIRECTION('',(-1.,0.,0.));
#1061=AXIS2_PLACEMENT_3D('',#1058,#1059,#1060);
#1062=PLANE('',#1061);
#1063=CARTESIAN_POINT('',(-35.25,0.,28.262612903));
#1064=VERTEX_POINT('',#1063);
#1065=CARTESIAN_POINT('',(-48.25,0.,28.262612903));
#1066=VERTEX_POINT('',#1065);
#1067=CARTESIAN_POINT('',(-35.25,0.,28.262612903));
#1068=DIRECTION('',(-1.,-0.,0.));
#1069=VECTOR('',#1068,13.);
#1070=LINE('',#1067,#1069);
#1071=EDGE_CURVE('NONE',#1064,#1066,#1070,.T.);
#1072=ORIENTED_EDGE('',*,*,#1071,.F.);
#1073=CARTESIAN_POINT('',(-35.25,4.272059531,40.));
#1074=VERTEX_POINT('',#1073);
#1075=CARTESIAN_POINT('',(-35.25,4.272059531,40.));
#1076=DIRECTION('',(0.,-0.342020143,-0.939692621));
#1077=VECTOR('',#1076,12.490666456);
#1078=LINE('',#1075,#1077);
#1079=EDGE_CURVE('NONE',#1074,#1064,#1078,.T.);
#1080=ORIENTED_EDGE('',*,*,#1079,.F.);
#1081=CARTESIAN_POINT('',(-37.25,5.,42.));
#1082=VERTEX_POINT('',#1081);
#1083=CARTESIAN_POINT('',(-37.25,4.272059531,40.));
#1084=DIRECTION('',(0.,-0.939692621,0.342020143));
#1085=DIRECTION('',(-0.,-0.342020143,-0.939692621));
#1086=AXIS2_PLACEMENT_3D('',#1083,#1084,#1085);
#1087=ELLIPSE('',#1086,2.128355545,2.);
#1088=EDGE_CURVE('NONE',#1074,#1082,#1087,.T.);
#1089=ORIENTED_EDGE('',*,*,#1088,.T.);
#1090=CARTESIAN_POINT('',(-80.75,5.,42.));
#1091=VERTEX_POINT('',#1090);
#1092=CARTESIAN_POINT('',(-80.75,5.,42.));
#1093=DIRECTION('',(1.,-0.,-0.));
#1094=VECTOR('',#1093,43.5);
#1095=LINE('',#1092,#1094);
#1096=EDGE_CURVE('NONE',#1091,#1082,#1095,.T.);
#1097=ORIENTED_EDGE('',*,*,#1096,.F.);
#1098=CARTESIAN_POINT('',(-82.75,4.272059531,40.));
#1099=VERTEX_POINT('',#1098);
#1100=CARTESIAN_POINT('',(-80.75,4.272059531,40.));
#1101=DIRECTION('',(0.,-0.939692621,0.342020143));
#1102=DIRECTION('',(-0.,-0.342020143,-0.939692621));
#1103=AXIS2_PLACEMENT_3D('',#1100,#1101,#1102);
#1104=ELLIPSE('',#1103,2.128355545,2.);
#1105=EDGE_CURVE('NONE',#1091,#1099,#1104,.T.);
#1106=ORIENTED_EDGE('',*,*,#1105,.T.);
#1107=CARTESIAN_POINT('',(-82.75,-0.,28.262612903));
#1108=DIRECTION('',(0.,0.342020143,0.939692621));
#1109=VECTOR('',#1108,12.490666456);
#1110=LINE('',#1107,#1109);
#1111=EDGE_CURVE('NONE',#914,#1099,#1110,.T.);
#1112=ORIENTED_EDGE('',*,*,#1111,.F.);
#1113=ORIENTED_EDGE('',*,*,#919,.F.);
#1114=CARTESIAN_POINT('',(-69.75,0.268386955,29.));
#1115=VERTEX_POINT('',#1114);
#1116=CARTESIAN_POINT('',(-69.75,0.268386955,29.));
#1117=DIRECTION('',(0.,-0.342020143,-0.939692621));
#1118=VECTOR('',#1117,0.784710959);
#1119=LINE('',#1116,#1118);
#1120=EDGE_CURVE('NONE',#1115,#912,#1119,.T.);
#1121=ORIENTED_EDGE('',*,*,#1120,.F.);
#1122=CARTESIAN_POINT('',(-64.25,0.268386955,29.));
#1123=VERTEX_POINT('',#1122);
#1124=CARTESIAN_POINT('',(-64.25,0.268386955,29.));
#1125=DIRECTION('',(-1.,-0.,0.));
#1126=VECTOR('',#1125,5.5);
#1127=LINE('',#1124,#1126);
#1128=EDGE_CURVE('NONE',#1123,#1115,#1127,.T.);
#1129=ORIENTED_EDGE('',*,*,#1128,.F.);
#1130=CARTESIAN_POINT('',(-64.25,0.,28.262612903));
#1131=VERTEX_POINT('',#1130);
#1132=CARTESIAN_POINT('',(-64.25,0.,28.262612903));
#1133=DIRECTION('',(0.,0.342020143,0.939692621));
#1134=VECTOR('',#1133,0.784710959);
#1135=LINE('',#1132,#1134);
#1136=EDGE_CURVE('NONE',#1131,#1123,#1135,.T.);
#1137=ORIENTED_EDGE('',*,*,#1136,.F.);
#1138=CARTESIAN_POINT('',(-62.802279205,0.,28.262612903));
#1139=DIRECTION('',(-1.,-0.,0.));
#1140=VECTOR('',#1139,1.447720795);
#1141=LINE('',#1138,#1140);
#1142=EDGE_CURVE('NONE',#493,#1131,#1141,.T.);
#1143=ORIENTED_EDGE('',*,*,#1142,.F.);
#1144=ORIENTED_EDGE('',*,*,#499,.F.);
#1145=ORIENTED_EDGE('',*,*,#490,.F.);
#1146=CARTESIAN_POINT('',(-53.75,0.,28.262612903));
#1147=VERTEX_POINT('',#1146);
#1148=CARTESIAN_POINT('',(-53.75,0.,28.262612903));
#1149=DIRECTION('',(-1.,-0.,0.));
#1150=VECTOR('',#1149,1.447720795);
#1151=LINE('',#1148,#1150);
#1152=EDGE_CURVE('NONE',#1147,#475,#1151,.T.);
#1153=ORIENTED_EDGE('',*,*,#1152,.F.);
#1154=CARTESIAN_POINT('',(-53.75,0.268386955,29.));
#1155=VERTEX_POINT('',#1154);
#1156=CARTESIAN_POINT('',(-53.75,0.268386955,29.));
#1157=DIRECTION('',(0.,-0.342020143,-0.939692621));
#1158=VECTOR('',#1157,0.784710959);
#1159=LINE('',#1156,#1158);
#1160=EDGE_CURVE('NONE',#1155,#1147,#1159,.T.);
#1161=ORIENTED_EDGE('',*,*,#1160,.F.);
#1162=CARTESIAN_POINT('',(-48.25,0.268386955,29.));
#1163=VERTEX_POINT('',#1162);
#1164=CARTESIAN_POINT('',(-48.25,0.268386955,29.));
#1165=DIRECTION('',(-1.,0.,0.));
#1166=VECTOR('',#1165,5.5);
#1167=LINE('',#1164,#1166);
#1168=EDGE_CURVE('NONE',#1163,#1155,#1167,.T.);
#1169=ORIENTED_EDGE('',*,*,#1168,.F.);
#1170=CARTESIAN_POINT('',(-48.25,0.,28.262612903));
#1171=DIRECTION('',(0.,0.342020143,0.939692621));
#1172=VECTOR('',#1171,0.784710959);
#1173=LINE('',#1170,#1172);
#1174=EDGE_CURVE('NONE',#1066,#1163,#1173,.T.);
#1175=ORIENTED_EDGE('',*,*,#1174,.F.);
#1176=EDGE_LOOP('',(#1072,#1080,#1089,#1097,#1106,#1112,#1113,#1121,#1129,#1137,#1143,#1144,#1145,#1153,#1161,#1169,#1175));
#1177=FACE_BOUND('',#1176,.T.);
#1178=ADVANCED_FACE('NONE',(#1177),#1062,.T.);
#1179=CARTESIAN_POINT('',(-89.1625,6.,23.));
#1180=DIRECTION('',(0.,0.,1.));
#1181=DIRECTION('',(1.,0.,0.));
#1182=AXIS2_PLACEMENT_3D('',#1179,#1180,#1181);
#1183=PLANE('',#1182);
#1184=ORIENTED_EDGE('',*,*,#356,.T.);
#1185=CARTESIAN_POINT('',(-35.25,-0.,23.));
#1186=VERTEX_POINT('',#1185);
#1187=CARTESIAN_POINT('',(-35.25,6.,23.));
#1188=DIRECTION('',(0.,-1.,0.));
#1189=VECTOR('',#1188,6.);
#1190=LINE('',#1187,#1189);
#1191=EDGE_CURVE('NONE',#343,#1186,#1190,.T.);
#1192=ORIENTED_EDGE('',*,*,#1191,.T.);
#1193=CARTESIAN_POINT('',(-48.25,-0.,23.));
#1194=VERTEX_POINT('',#1193);
#1195=CARTESIAN_POINT('',(-48.25,0.,23.));
#1196=DIRECTION('',(1.,0.,-0.));
#1197=VECTOR('',#1196,13.);
#1198=LINE('',#1195,#1197);
#1199=EDGE_CURVE('NONE',#1194,#1186,#1198,.T.);
#1200=ORIENTED_EDGE('',*,*,#1199,.F.);
#1201=CARTESIAN_POINT('',(-48.25,6.,23.));
#1202=DIRECTION('',(0.,-1.,0.));
#1203=VECTOR('',#1202,6.);
#1204=LINE('',#1201,#1203);
#1205=EDGE_CURVE('NONE',#351,#1194,#1204,.T.);
#1206=ORIENTED_EDGE('',*,*,#1205,.F.);
#1207=EDGE_LOOP('',(#1184,#1192,#1200,#1206));
#1208=FACE_BOUND('',#1207,.T.);
#1209=ADVANCED_FACE('NONE',(#1208),#1183,.F.);
#1210=CARTESIAN_POINT('',(-89.1625,12.,42.));
#1211=DIRECTION('',(-0.,0.,-1.));
#1212=DIRECTION('',(-1.,0.,0.));
#1213=AXIS2_PLACEMENT_3D('',#1210,#1211,#1212);
#1214=PLANE('',#1213);
#1215=CARTESIAN_POINT('',(-48.75,11.75,42.));
#1216=VERTEX_POINT('',#1215);
#1217=CARTESIAN_POINT('',(-48.75,12.,42.));
#1218=VERTEX_POINT('',#1217);
#1219=CARTESIAN_POINT('',(-48.75,11.75,42.));
#1220=DIRECTION('',(0.,1.,0.));
#1221=VECTOR('',#1220,0.25);
#1222=LINE('',#1219,#1221);
#1223=EDGE_CURVE('NONE',#1216,#1218,#1222,.T.);
#1224=ORIENTED_EDGE('',*,*,#1223,.F.);
#1225=CARTESIAN_POINT('',(-46.353553391,9.353553391,42.));
#1226=VERTEX_POINT('',#1225);
#1227=CARTESIAN_POINT('',(-46.353553391,9.353553391,42.));
#1228=DIRECTION('',(-0.707106781,0.707106781,0.));
#1229=VECTOR('',#1228,3.389087297);
#1230=LINE('',#1227,#1229);
#1231=EDGE_CURVE('NONE',#1226,#1216,#1230,.T.);
#1232=ORIENTED_EDGE('',*,*,#1231,.F.);
#1233=CARTESIAN_POINT('',(-46.353553391,8.646446609,42.));
#1234=VERTEX_POINT('',#1233);
#1235=CARTESIAN_POINT('',(-46.707106781,9.,42.));
#1236=DIRECTION('',(0.,0.,-1.));
#1237=DIRECTION('',(-1.,0.,0.));
#1238=AXIS2_PLACEMENT_3D('',#1235,#1236,#1237);
#1239=CIRCLE('',#1238,0.5);
#1240=EDGE_CURVE('NONE',#1226,#1234,#1239,.T.);
#1241=ORIENTED_EDGE('',*,*,#1240,.T.);
#1242=CARTESIAN_POINT('',(-49.5,5.5,42.));
#1243=VERTEX_POINT('',#1242);
#1244=CARTESIAN_POINT('',(-49.5,5.5,42.));
#1245=DIRECTION('',(0.707106781,0.707106781,0.));
#1246=VECTOR('',#1245,4.449747468);
#1247=LINE('',#1244,#1246);
#1248=EDGE_CURVE('NONE',#1243,#1234,#1247,.T.);
#1249=ORIENTED_EDGE('',*,*,#1248,.F.);
#1250=CARTESIAN_POINT('',(-53.75,5.5,42.));
#1251=VERTEX_POINT('',#1250);
#1252=CARTESIAN_POINT('',(-53.75,5.5,42.));
#1253=DIRECTION('',(1.,0.,-0.));
#1254=VECTOR('',#1253,4.25);
#1255=LINE('',#1252,#1254);
#1256=EDGE_CURVE('NONE',#1251,#1243,#1255,.T.);
#1257=ORIENTED_EDGE('',*,*,#1256,.F.);
#1258=CARTESIAN_POINT('',(-53.75,9.,42.));
#1259=VERTEX_POINT('',#1258);
#1260=CARTESIAN_POINT('',(-53.75,9.,42.));
#1261=DIRECTION('',(0.,-1.,-0.));
#1262=VECTOR('',#1261,3.5);
#1263=LINE('',#1260,#1262);
#1264=EDGE_CURVE('NONE',#1259,#1251,#1263,.T.);
#1265=ORIENTED_EDGE('',*,*,#1264,.F.);
#1266=CARTESIAN_POINT('',(-64.25,9.,42.));
#1267=VERTEX_POINT('',#1266);
#1268=CARTESIAN_POINT('',(-53.75,9.,42.));
#1269=DIRECTION('',(-1.,0.,0.));
#1270=VECTOR('',#1269,10.5);
#1271=LINE('',#1268,#1270);
#1272=EDGE_CURVE('NONE',#1259,#1267,#1271,.T.);
#1273=ORIENTED_EDGE('',*,*,#1272,.T.);
#1274=CARTESIAN_POINT('',(-64.25,5.5,42.));
#1275=VERTEX_POINT('',#1274);
#1276=CARTESIAN_POINT('',(-64.25,9.,42.));
#1277=DIRECTION('',(-0.,-1.,-0.));
#1278=VECTOR('',#1277,3.5);
#1279=LINE('',#1276,#1278);
#1280=EDGE_CURVE('NONE',#1267,#1275,#1279,.T.);
#1281=ORIENTED_EDGE('',*,*,#1280,.T.);
#1282=CARTESIAN_POINT('',(-68.5,5.5,42.));
#1283=VERTEX_POINT('',#1282);
#1284=CARTESIAN_POINT('',(-68.5,5.5,42.));
#1285=DIRECTION('',(1.,0.,-0.));
#1286=VECTOR('',#1285,4.25);
#1287=LINE('',#1284,#1286);
#1288=EDGE_CURVE('NONE',#1283,#1275,#1287,.T.);
#1289=ORIENTED_EDGE('',*,*,#1288,.F.);
#1290=CARTESIAN_POINT('',(-71.646446609,8.646446609,42.));
#1291=VERTEX_POINT('',#1290);
#1292=CARTESIAN_POINT('',(-71.646446609,8.646446609,42.));
#1293=DIRECTION('',(0.707106781,-0.707106781,0.));
#1294=VECTOR('',#1293,4.449747468);
#1295=LINE('',#1292,#1294);
#1296=EDGE_CURVE('NONE',#1291,#1283,#1295,.T.);
#1297=ORIENTED_EDGE('',*,*,#1296,.F.);
#1298=CARTESIAN_POINT('',(-71.292893219,9.,42.));
#1299=DIRECTION('',(0.,0.,-1.));
#1300=DIRECTION('',(-1.,0.,0.));
#1301=AXIS2_PLACEMENT_3D('',#1298,#1299,#1300);
#1302=CIRCLE('',#1301,0.5);
#1303=EDGE_CURVE('NONE',#1291,#383,#1302,.T.);
#1304=ORIENTED_EDGE('',*,*,#1303,.T.);
#1305=ORIENTED_EDGE('',*,*,#412,.T.);
#1306=CARTESIAN_POINT('',(-69.25,11.75,42.));
#1307=VERTEX_POINT('',#1306);
#1308=CARTESIAN_POINT('',(-69.25,11.75,42.));
#1309=DIRECTION('',(-0.707106781,-0.707106781,0.));
#1310=VECTOR('',#1309,3.389087297);
#1311=LINE('',#1308,#1310);
#1312=EDGE_CURVE('NONE',#1307,#400,#1311,.T.);
#1313=ORIENTED_EDGE('',*,*,#1312,.F.);
#1314=CARTESIAN_POINT('',(-69.25,12.,42.));
#1315=VERTEX_POINT('',#1314);
#1316=CARTESIAN_POINT('',(-69.25,11.75,42.));
#1317=DIRECTION('',(0.,1.,0.));
#1318=VECTOR('',#1317,0.25);
#1319=LINE('',#1316,#1318);
#1320=EDGE_CURVE('NONE',#1307,#1315,#1319,.T.);
#1321=ORIENTED_EDGE('',*,*,#1320,.T.);
#1322=CARTESIAN_POINT('',(-80.75,12.,42.));
#1323=VERTEX_POINT('',#1322);
#1324=CARTESIAN_POINT('',(-80.75,12.,42.));
#1325=DIRECTION('',(1.,0.,-0.));
#1326=VECTOR('',#1325,11.5);
#1327=LINE('',#1324,#1326);
#1328=EDGE_CURVE('NONE',#1323,#1315,#1327,.T.);
#1329=ORIENTED_EDGE('',*,*,#1328,.F.);
#1330=CARTESIAN_POINT('',(-80.75,12.,42.));
#1331=DIRECTION('',(-0.,-1.,-0.));
#1332=VECTOR('',#1331,7.);
#1333=LINE('',#1330,#1332);
#1334=EDGE_CURVE('NONE',#1323,#1091,#1333,.T.);
#1335=ORIENTED_EDGE('',*,*,#1334,.T.);
#1336=ORIENTED_EDGE('',*,*,#1096,.T.);
#1337=CARTESIAN_POINT('',(-37.25,12.,42.));
#1338=VERTEX_POINT('',#1337);
#1339=CARTESIAN_POINT('',(-37.25,5.,42.));
#1340=DIRECTION('',(0.,1.,0.));
#1341=VECTOR('',#1340,7.);
#1342=LINE('',#1339,#1341);
#1343=EDGE_CURVE('NONE',#1082,#1338,#1342,.T.);
#1344=ORIENTED_EDGE('',*,*,#1343,.T.);
#1345=CARTESIAN_POINT('',(-48.75,12.,42.));
#1346=DIRECTION('',(1.,0.,-0.));
#1347=VECTOR('',#1346,11.5);
#1348=LINE('',#1345,#1347);
#1349=EDGE_CURVE('NONE',#1218,#1338,#1348,.T.);
#1350=ORIENTED_EDGE('',*,*,#1349,.F.);
#1351=EDGE_LOOP('',(#1224,#1232,#1241,#1249,#1257,#1265,#1273,#1281,#1289,#1297,#1304,#1305,#1313,#1321,#1329,#1335,#1336,#1344,#1350));
#1352=FACE_BOUND('',#1351,.T.);
#1353=ADVANCED_FACE('NONE',(#1352),#1214,.F.);
#1354=CARTESIAN_POINT('',(-59.,12.,0.));
#1355=DIRECTION('',(0.,-1.,0.));
#1356=DIRECTION('',(0.,0.,-1.));
#1357=AXIS2_PLACEMENT_3D('',#1354,#1355,#1356);
#1358=PLANE('',#1357);
#1359=ORIENTED_EDGE('',*,*,#119,.F.);
#1360=ORIENTED_EDGE('',*,*,#126,.F.);
#1361=EDGE_LOOP('',(#1359,#1360));
#1362=FACE_BOUND('',#1361,.T.);
#1363=ORIENTED_EDGE('',*,*,#77,.F.);
#1364=ORIENTED_EDGE('',*,*,#84,.F.);
#1365=EDGE_LOOP('',(#1363,#1364));
#1366=FACE_BOUND('',#1365,.T.);
#1367=ORIENTED_EDGE('',*,*,#203,.F.);
#1368=ORIENTED_EDGE('',*,*,#210,.F.);
#1369=EDGE_LOOP('',(#1367,#1368));
#1370=FACE_BOUND('',#1369,.T.);
#1371=ORIENTED_EDGE('',*,*,#161,.F.);
#1372=ORIENTED_EDGE('',*,*,#168,.F.);
#1373=EDGE_LOOP('',(#1371,#1372));
#1374=FACE_BOUND('',#1373,.T.);
#1375=ORIENTED_EDGE('',*,*,#607,.T.);
#1376=EDGE_LOOP('',(#1375));
#1377=FACE_BOUND('',#1376,.T.);
#1378=CARTESIAN_POINT('',(-48.75,12.,-13.));
#1379=VERTEX_POINT('',#1378);
#1380=CARTESIAN_POINT('',(-48.75,12.,-13.));
#1381=DIRECTION('',(-0.,-0.,1.));
#1382=VECTOR('',#1381,55.);
#1383=LINE('',#1380,#1382);
#1384=EDGE_CURVE('NONE',#1379,#1218,#1383,.T.);
#1385=ORIENTED_EDGE('',*,*,#1384,.T.);
#1386=ORIENTED_EDGE('',*,*,#1349,.T.);
#1387=CARTESIAN_POINT('',(-35.25,12.,40.));
#1388=VERTEX_POINT('',#1387);
#1389=CARTESIAN_POINT('',(-37.25,12.,40.));
#1390=DIRECTION('',(-0.,1.,-0.));
#1391=DIRECTION('',(0.,0.,-1.));
#1392=AXIS2_PLACEMENT_3D('',#1389,#1390,#1391);
#1393=CIRCLE('',#1392,2.);
#1394=EDGE_CURVE('NONE',#1338,#1388,#1393,.T.);
#1395=ORIENTED_EDGE('',*,*,#1394,.T.);
#1396=CARTESIAN_POINT('',(-35.25,12.,-29.));
#1397=VERTEX_POINT('',#1396);
#1398=CARTESIAN_POINT('',(-35.25,12.,40.));
#1399=DIRECTION('',(0.,0.,-1.));
#1400=VECTOR('',#1399,69.);
#1401=LINE('',#1398,#1400);
#1402=EDGE_CURVE('NONE',#1388,#1397,#1401,.T.);
#1403=ORIENTED_EDGE('',*,*,#1402,.T.);
#1404=CARTESIAN_POINT('',(-37.25,12.,-31.));
#1405=VERTEX_POINT('',#1404);
#1406=CARTESIAN_POINT('',(-37.25,12.,-29.));
#1407=DIRECTION('',(-0.,1.,-0.));
#1408=DIRECTION('',(0.,0.,-1.));
#1409=AXIS2_PLACEMENT_3D('',#1406,#1407,#1408);
#1410=CIRCLE('',#1409,2.);
#1411=EDGE_CURVE('NONE',#1397,#1405,#1410,.T.);
#1412=ORIENTED_EDGE('',*,*,#1411,.T.);
#1413=CARTESIAN_POINT('',(-80.75,12.,-31.));
#1414=VERTEX_POINT('',#1413);
#1415=CARTESIAN_POINT('',(-37.25,12.,-31.));
#1416=DIRECTION('',(-1.,-0.,0.));
#1417=VECTOR('',#1416,43.5);
#1418=LINE('',#1415,#1417);
#1419=EDGE_CURVE('NONE',#1405,#1414,#1418,.T.);
#1420=ORIENTED_EDGE('',*,*,#1419,.T.);
#1421=CARTESIAN_POINT('',(-82.75,12.,-29.));
#1422=VERTEX_POINT('',#1421);
#1423=CARTESIAN_POINT('',(-80.75,12.,-29.));
#1424=DIRECTION('',(-0.,1.,-0.));
#1425=DIRECTION('',(0.,0.,-1.));
#1426=AXIS2_PLACEMENT_3D('',#1423,#1424,#1425);
#1427=CIRCLE('',#1426,2.);
#1428=EDGE_CURVE('NONE',#1414,#1422,#1427,.T.);
#1429=ORIENTED_EDGE('',*,*,#1428,.T.);
#1430=CARTESIAN_POINT('',(-82.75,12.,40.));
#1431=VERTEX_POINT('',#1430);
#1432=CARTESIAN_POINT('',(-82.75,12.,-29.));
#1433=DIRECTION('',(0.,0.,1.));
#1434=VECTOR('',#1433,69.);
#1435=LINE('',#1432,#1434);
#1436=EDGE_CURVE('NONE',#1422,#1431,#1435,.T.);
#1437=ORIENTED_EDGE('',*,*,#1436,.T.);
#1438=CARTESIAN_POINT('',(-80.75,12.,40.));
#1439=DIRECTION('',(-0.,1.,-0.));
#1440=DIRECTION('',(0.,0.,-1.));
#1441=AXIS2_PLACEMENT_3D('',#1438,#1439,#1440);
#1442=CIRCLE('',#1441,2.);
#1443=EDGE_CURVE('NONE',#1431,#1323,#1442,.T.);
#1444=ORIENTED_EDGE('',*,*,#1443,.T.);
#1445=ORIENTED_EDGE('',*,*,#1328,.T.);
#1446=CARTESIAN_POINT('',(-69.25,12.,-13.));
#1447=VERTEX_POINT('',#1446);
#1448=CARTESIAN_POINT('',(-69.25,12.,-13.));
#1449=DIRECTION('',(0.,0.,1.));
#1450=VECTOR('',#1449,55.);
#1451=LINE('',#1448,#1450);
#1452=EDGE_CURVE('NONE',#1447,#1315,#1451,.T.);
#1453=ORIENTED_EDGE('',*,*,#1452,.F.);
#1454=CARTESIAN_POINT('',(-48.75,12.,-13.));
#1455=DIRECTION('',(-1.,0.,0.));
#1456=VECTOR('',#1455,20.5);
#1457=LINE('',#1454,#1456);
#1458=EDGE_CURVE('NONE',#1379,#1447,#1457,.T.);
#1459=ORIENTED_EDGE('',*,*,#1458,.F.);
#1460=EDGE_LOOP('',(#1385,#1386,#1395,#1403,#1412,#1420,#1429,#1437,#1444,#1445,#1453,#1459));
#1461=FACE_BOUND('',#1460,.T.);
#1462=ADVANCED_FACE('NONE',(#1362,#1366,#1370,#1374,#1377,#1461),#1358,.F.);
#1463=CARTESIAN_POINT('',(-49.,12.,-13.));
#1464=DIRECTION('',(0.707106781,0.707106781,0.));
#1465=DIRECTION('',(-0.707106781,0.707106781,0.));
#1466=AXIS2_PLACEMENT_3D('',#1463,#1464,#1465);
#1467=PLANE('',#1466);
#1468=CARTESIAN_POINT('',(-48.75,11.75,-13.));
#1469=VERTEX_POINT('',#1468);
#1470=CARTESIAN_POINT('',(-48.75,11.75,42.));
#1471=DIRECTION('',(-0.,-0.,-1.));
#1472=VECTOR('',#1471,55.);
#1473=LINE('',#1470,#1472);
#1474=EDGE_CURVE('NONE',#1216,#1469,#1473,.T.);
#1475=ORIENTED_EDGE('',*,*,#1474,.T.);
#1476=CARTESIAN_POINT('',(-46.353553391,9.353553391,-13.));
#1477=VERTEX_POINT('',#1476);
#1478=CARTESIAN_POINT('',(-46.353553391,9.353553391,-13.));
#1479=DIRECTION('',(-0.707106781,0.707106781,0.));
#1480=VECTOR('',#1479,3.389087297);
#1481=LINE('',#1478,#1480);
#1482=EDGE_CURVE('NONE',#1477,#1469,#1481,.T.);
#1483=ORIENTED_EDGE('',*,*,#1482,.F.);
#1484=CARTESIAN_POINT('',(-46.353553391,9.353553391,-13.));
#1485=DIRECTION('',(0.,0.,1.));
#1486=VECTOR('',#1485,55.);
#1487=LINE('',#1484,#1486);
#1488=EDGE_CURVE('NONE',#1477,#1226,#1487,.T.);
#1489=ORIENTED_EDGE('',*,*,#1488,.T.);
#1490=ORIENTED_EDGE('',*,*,#1231,.T.);
#1491=EDGE_LOOP('',(#1475,#1483,#1489,#1490));
#1492=FACE_BOUND('',#1491,.T.);
#1493=ADVANCED_FACE('NONE',(#1492),#1467,.F.);
#1494=CARTESIAN_POINT('',(-59.,0.,0.));
#1495=DIRECTION('',(0.,-1.,0.));
#1496=DIRECTION('',(0.,0.,-1.));
#1497=AXIS2_PLACEMENT_3D('',#1494,#1495,#1496);
#1498=PLANE('',#1497);
#1499=ORIENTED_EDGE('',*,*,#1199,.T.);
#1500=CARTESIAN_POINT('',(-35.25,0.,28.262612903));
#1501=DIRECTION('',(0.,0.,-1.));
#1502=VECTOR('',#1501,5.262612903);
#1503=LINE('',#1500,#1502);
#1504=EDGE_CURVE('NONE',#1064,#1186,#1503,.T.);
#1505=ORIENTED_EDGE('',*,*,#1504,.F.);
#1506=ORIENTED_EDGE('',*,*,#1071,.T.);
#1507=CARTESIAN_POINT('',(-48.25,0.,23.));
#1508=DIRECTION('',(0.,0.,1.));
#1509=VECTOR('',#1508,5.262612903);
#1510=LINE('',#1507,#1509);
#1511=EDGE_CURVE('NONE',#1194,#1066,#1510,.T.);
#1512=ORIENTED_EDGE('',*,*,#1511,.F.);
#1513=EDGE_LOOP('',(#1499,#1505,#1506,#1512));
#1514=FACE_BOUND('',#1513,.T.);
#1515=ADVANCED_FACE('NONE',(#1514),#1498,.T.);
#1516=CARTESIAN_POINT('',(-59.,0.,0.));
#1517=DIRECTION('',(0.,-1.,0.));
#1518=DIRECTION('',(0.,0.,-1.));
#1519=AXIS2_PLACEMENT_3D('',#1516,#1517,#1518);
#1520=PLANE('',#1519);
#1521=CARTESIAN_POINT('',(-53.75,0.,23.));
#1522=VERTEX_POINT('',#1521);
#1523=CARTESIAN_POINT('',(-53.75,0.,23.));
#1524=DIRECTION('',(-0.,-0.,1.));
#1525=VECTOR('',#1524,5.262612903);
#1526=LINE('',#1523,#1525);
#1527=EDGE_CURVE('NONE',#1522,#1147,#1526,.T.);
#1528=ORIENTED_EDGE('',*,*,#1527,.T.);
#1529=ORIENTED_EDGE('',*,*,#1152,.T.);
#1530=ORIENTED_EDGE('',*,*,#481,.F.);
#1531=ORIENTED_EDGE('',*,*,#506,.F.);
#1532=ORIENTED_EDGE('',*,*,#1142,.T.);
#1533=CARTESIAN_POINT('',(-64.25,0.,23.));
#1534=VERTEX_POINT('',#1533);
#1535=CARTESIAN_POINT('',(-64.25,0.,23.));
#1536=DIRECTION('',(0.,0.,1.));
#1537=VECTOR('',#1536,5.262612903);
#1538=LINE('',#1535,#1537);
#1539=EDGE_CURVE('NONE',#1534,#1131,#1538,.T.);
#1540=ORIENTED_EDGE('',*,*,#1539,.F.);
#1541=CARTESIAN_POINT('',(-64.25,0.,23.));
#1542=DIRECTION('',(1.,0.,-0.));
#1543=VECTOR('',#1542,10.5);
#1544=LINE('',#1541,#1543);
#1545=EDGE_CURVE('NONE',#1534,#1522,#1544,.T.);
#1546=ORIENTED_EDGE('',*,*,#1545,.T.);
#1547=EDGE_LOOP('',(#1528,#1529,#1530,#1531,#1532,#1540,#1546));
#1548=FACE_BOUND('',#1547,.T.);
#1549=ADVANCED_FACE('NONE',(#1548),#1520,.T.);
#1550=CARTESIAN_POINT('',(-59.,0.,0.));
#1551=DIRECTION('',(0.,-1.,0.));
#1552=DIRECTION('',(0.,0.,-1.));
#1553=AXIS2_PLACEMENT_3D('',#1550,#1551,#1552);
#1554=PLANE('',#1553);
#1555=ORIENTED_EDGE('',*,*,#1018,.T.);
#1556=CARTESIAN_POINT('',(-35.25,-0.,-17.842093147));
#1557=VERTEX_POINT('',#1556);
#1558=CARTESIAN_POINT('',(-35.25,0.,-17.842093147));
#1559=DIRECTION('',(0.,0.,-1.));
#1560=VECTOR('',#1559,4.157906853);
#1561=LINE('',#1558,#1560);
#1562=EDGE_CURVE('NONE',#1557,#1007,#1561,.T.);
#1563=ORIENTED_EDGE('',*,*,#1562,.F.);
#1564=CARTESIAN_POINT('',(-57.241513324,-0.,-17.842093147));
#1565=DIRECTION('',(1.,0.,-0.));
#1566=VECTOR('',#1565,21.991513324);
#1567=LINE('',#1564,#1566);
#1568=EDGE_CURVE('NONE',#637,#1557,#1567,.T.);
#1569=ORIENTED_EDGE('',*,*,#1568,.F.);
#1570=ORIENTED_EDGE('',*,*,#643,.F.);
#1571=EDGE_LOOP('',(#1555,#1563,#1569,#1570));
#1572=FACE_BOUND('',#1571,.T.);
#1573=ADVANCED_FACE('NONE',(#1572),#1554,.T.);
#1574=CARTESIAN_POINT('',(-49.,6.5,52.707037384));
#1575=DIRECTION('',(0.,-1.,0.));
#1576=DIRECTION('',(0.,0.,-1.));
#1577=AXIS2_PLACEMENT_3D('',#1574,#1575,#1576);
#1578=PLANE('',#1577);
#1579=CARTESIAN_POINT('',(-49.,6.5,46.));
#1580=VERTEX_POINT('',#1579);
#1581=CARTESIAN_POINT('',(-49.,6.5,23.5));
#1582=VERTEX_POINT('',#1581);
#1583=CARTESIAN_POINT('',(-49.,6.5,46.));
#1584=DIRECTION('',(-0.,-0.,-1.));
#1585=VECTOR('',#1584,22.5);
#1586=LINE('',#1583,#1585);
#1587=EDGE_CURVE('NONE',#1580,#1582,#1586,.T.);
#1588=ORIENTED_EDGE('',*,*,#1587,.F.);
#1589=CARTESIAN_POINT('',(-51.828427125,6.5,48.));
#1590=VERTEX_POINT('',#1589);
#1591=CARTESIAN_POINT('',(-49.,6.5,46.));
#1592=CARTESIAN_POINT('',(-49.,6.5,47.171572875));
#1593=CARTESIAN_POINT('',(-50.171572875,6.5,48.));
#1594=CARTESIAN_POINT('',(-51.828427125,6.5,48.));
#1595=(BOUNDED_CURVE()
B_SPLINE_CURVE(3,(#1591,#1592,#1593,#1594),.UNSPECIFIED.,.F.,.F.)
B_SPLINE_CURVE_WITH_KNOTS((4,4),(0.,1.570796327),.UNSPECIFIED.)
CURVE()
GEOMETRIC_REPRESENTATION_ITEM()
RATIONAL_B_SPLINE_CURVE((1.,0.804737854,0.804737854,1.))
REPRESENTATION_ITEM(''));
#1596=EDGE_CURVE('NONE',#1580,#1590,#1595,.T.);
#1597=ORIENTED_EDGE('',*,*,#1596,.T.);
#1598=CARTESIAN_POINT('',(-66.171572875,6.5,48.));
#1599=VERTEX_POINT('',#1598);
#1600=CARTESIAN_POINT('',(-66.171572875,6.5,48.));
#1601=DIRECTION('',(1.,0.,-0.));
#1602=VECTOR('',#1601,14.343145751);
#1603=LINE('',#1600,#1602);
#1604=EDGE_CURVE('NONE',#1599,#1590,#1603,.T.);
#1605=ORIENTED_EDGE('',*,*,#1604,.F.);
#1606=CARTESIAN_POINT('',(-69.,6.5,46.));
#1607=VERTEX_POINT('',#1606);
#1608=CARTESIAN_POINT('',(-66.171572875,6.5,48.));
#1609=CARTESIAN_POINT('',(-67.828427125,6.5,48.));
#1610=CARTESIAN_POINT('',(-69.,6.5,47.171572875));
#1611=CARTESIAN_POINT('',(-69.,6.5,46.));
#1612=(BOUNDED_CURVE()
B_SPLINE_CURVE(3,(#1608,#1609,#1610,#1611),.UNSPECIFIED.,.F.,.F.)
B_SPLINE_CURVE_WITH_KNOTS((4,4),(1.570796327,3.141592654),.UNSPECIFIED.)
CURVE()
GEOMETRIC_REPRESENTATION_ITEM()
RATIONAL_B_SPLINE_CURVE((1.,0.804737854,0.804737854,1.))
REPRESENTATION_ITEM(''));
#1613=EDGE_CURVE('NONE',#1599,#1607,#1612,.T.);
#1614=ORIENTED_EDGE('',*,*,#1613,.T.);
#1615=CARTESIAN_POINT('',(-69.,6.5,23.5));
#1616=VERTEX_POINT('',#1615);
#1617=CARTESIAN_POINT('',(-69.,6.5,46.));
#1618=DIRECTION('',(0.,0.,-1.));
#1619=VECTOR('',#1618,22.5);
#1620=LINE('',#1617,#1619);
#1621=EDGE_CURVE('NONE',#1607,#1616,#1620,.T.);
#1622=ORIENTED_EDGE('',*,*,#1621,.T.);
#1623=CARTESIAN_POINT('',(-64.75,6.5,23.5));
#1624=VERTEX_POINT('',#1623);
#1625=CARTESIAN_POINT('',(-69.,6.5,23.5));
#1626=DIRECTION('',(1.,0.,-0.));
#1627=VECTOR('',#1626,4.25);
#1628=LINE('',#1625,#1627);
#1629=EDGE_CURVE('NONE',#1616,#1624,#1628,.T.);
#1630=ORIENTED_EDGE('',*,*,#1629,.T.);
#1631=CARTESIAN_POINT('',(-64.75,6.5,43.));
#1632=VERTEX_POINT('',#1631);
#1633=CARTESIAN_POINT('',(-64.75,6.5,43.));
#1634=DIRECTION('',(0.,0.,-1.));
#1635=VECTOR('',#1634,19.5);
#1636=LINE('',#1633,#1635);
#1637=EDGE_CURVE('NONE',#1632,#1624,#1636,.T.);
#1638=ORIENTED_EDGE('',*,*,#1637,.F.);
#1639=CARTESIAN_POINT('',(-53.25,6.5,43.));
#1640=VERTEX_POINT('',#1639);
#1641=CARTESIAN_POINT('',(-64.75,6.5,43.));
#1642=DIRECTION('',(1.,0.,-0.));
#1643=VECTOR('',#1642,11.5);
#1644=LINE('',#1641,#1643);
#1645=EDGE_CURVE('NONE',#1632,#1640,#1644,.T.);
#1646=ORIENTED_EDGE('',*,*,#1645,.T.);
#1647=CARTESIAN_POINT('',(-53.25,6.5,23.5));
#1648=VERTEX_POINT('',#1647);
#1649=CARTESIAN_POINT('',(-53.25,6.5,43.));
#1650=DIRECTION('',(0.,0.,-1.));
#1651=VECTOR('',#1650,19.5);
#1652=LINE('',#1649,#1651);
#1653=EDGE_CURVE('NONE',#1640,#1648,#1652,.T.);
#1654=ORIENTED_EDGE('',*,*,#1653,.T.);
#1655=CARTESIAN_POINT('',(-49.,6.5,23.5));
#1656=DIRECTION('',(-1.,-0.,0.));
#1657=VECTOR('',#1656,4.25);
#1658=LINE('',#1655,#1657);
#1659=EDGE_CURVE('NONE',#1582,#1648,#1658,.T.);
#1660=ORIENTED_EDGE('',*,*,#1659,.F.);
#1661=EDGE_LOOP('',(#1588,#1597,#1605,#1614,#1622,#1630,#1638,#1646,#1654,#1660));
#1662=FACE_BOUND('',#1661,.T.);
#1663=ADVANCED_FACE('NONE',(#1662),#1578,.T.);
#1664=CARTESIAN_POINT('',(-49.,6.5,52.707037384));
#1665=DIRECTION('',(0.,-1.,0.));
#1666=DIRECTION('',(0.,0.,-1.));
#1667=AXIS2_PLACEMENT_3D('',#1664,#1665,#1666);
#1668=PLANE('',#1667);
#1669=CARTESIAN_POINT('',(-49.,6.5,17.5));
#1670=VERTEX_POINT('',#1669);
#1671=CARTESIAN_POINT('',(-53.25,6.5,17.5));
#1672=VERTEX_POINT('',#1671);
#1673=CARTESIAN_POINT('',(-49.,6.5,17.5));
#1674=DIRECTION('',(-1.,-0.,0.));
#1675=VECTOR('',#1674,4.25);
#1676=LINE('',#1673,#1675);
#1677=EDGE_CURVE('NONE',#1670,#1672,#1676,.T.);
#1678=ORIENTED_EDGE('',*,*,#1677,.T.);
#1679=CARTESIAN_POINT('',(-53.25,6.5,-6.25));
#1680=VERTEX_POINT('',#1679);
#1681=CARTESIAN_POINT('',(-53.25,6.5,17.5));
#1682=DIRECTION('',(0.,0.,-1.));
#1683=VECTOR('',#1682,23.75);
#1684=LINE('',#1681,#1683);
#1685=EDGE_CURVE('NONE',#1672,#1680,#1684,.T.);
#1686=ORIENTED_EDGE('',*,*,#1685,.T.);
#1687=CARTESIAN_POINT('',(-54.,6.5,-6.25));
#1688=VERTEX_POINT('',#1687);
#1689=CARTESIAN_POINT('',(-54.,6.5,-6.25));
#1690=DIRECTION('',(1.,0.,-0.));
#1691=VECTOR('',#1690,0.75);
#1692=LINE('',#1689,#1691);
#1693=EDGE_CURVE('NONE',#1688,#1680,#1692,.T.);
#1694=ORIENTED_EDGE('',*,*,#1693,.F.);
#1695=CARTESIAN_POINT('',(-54.,6.5,-4.607142857));
#1696=VERTEX_POINT('',#1695);
#1697=CARTESIAN_POINT('',(-54.,6.5,-4.607142857));
#1698=DIRECTION('',(0.,0.,-1.));
#1699=VECTOR('',#1698,1.642857143);
#1700=LINE('',#1697,#1699);
#1701=EDGE_CURVE('NONE',#1696,#1688,#1700,.T.);
#1702=ORIENTED_EDGE('',*,*,#1701,.F.);
#1703=CARTESIAN_POINT('',(-56.,6.5,-2.607142857));
#1704=VERTEX_POINT('',#1703);
#1705=CARTESIAN_POINT('',(-56.,6.5,-4.607142857));
#1706=DIRECTION('',(0.,-1.,-0.));
#1707=DIRECTION('',(1.,0.,0.));
#1708=AXIS2_PLACEMENT_3D('',#1705,#1706,#1707);
#1709=CIRCLE('',#1708,2.);
#1710=EDGE_CURVE('NONE',#1696,#1704,#1709,.T.);
#1711=ORIENTED_EDGE('',*,*,#1710,.T.);
#1712=CARTESIAN_POINT('',(-61.25,6.5,-2.607142857));
#1713=VERTEX_POINT('',#1712);
#1714=CARTESIAN_POINT('',(-56.,6.5,-2.607142857));
#1715=DIRECTION('',(-1.,-0.,0.));
#1716=VECTOR('',#1715,5.25);
#1717=LINE('',#1714,#1716);
#1718=EDGE_CURVE('NONE',#1704,#1713,#1717,.T.);
#1719=ORIENTED_EDGE('',*,*,#1718,.T.);
#1720=CARTESIAN_POINT('',(-61.25,6.5,-1.732142857));
#1721=DIRECTION('',(-0.,1.,0.));
#1722=DIRECTION('',(-1.,-0.,0.));
#1723=AXIS2_PLACEMENT_3D('',#1720,#1721,#1722);
#1724=CIRCLE('',#1723,0.875);
#1725=EDGE_CURVE('NONE',#1713,#872,#1724,.T.);
#1726=ORIENTED_EDGE('',*,*,#1725,.T.);
#1727=ORIENTED_EDGE('',*,*,#901,.T.);
#1728=CARTESIAN_POINT('',(-56.,6.5,-0.857142857));
#1729=VERTEX_POINT('',#1728);
#1730=CARTESIAN_POINT('',(-56.,6.5,-0.857142857));
#1731=DIRECTION('',(-1.,0.,-0.));
#1732=VECTOR('',#1731,5.25);
#1733=LINE('',#1730,#1732);
#1734=EDGE_CURVE('NONE',#1729,#889,#1733,.T.);
#1735=ORIENTED_EDGE('',*,*,#1734,.F.);
#1736=CARTESIAN_POINT('',(-54.,6.5,1.142857143));
#1737=VERTEX_POINT('',#1736);
#1738=CARTESIAN_POINT('',(-56.,6.5,1.142857143));
#1739=DIRECTION('',(0.,-1.,0.));
#1740=DIRECTION('',(-1.,-0.,0.));
#1741=AXIS2_PLACEMENT_3D('',#1738,#1739,#1740);
#1742=CIRCLE('',#1741,2.);
#1743=EDGE_CURVE('NONE',#1729,#1737,#1742,.T.);
#1744=ORIENTED_EDGE('',*,*,#1743,.T.);
#1745=CARTESIAN_POINT('',(-54.,6.5,2.678571429));
#1746=VERTEX_POINT('',#1745);
#1747=CARTESIAN_POINT('',(-54.,6.5,2.678571429));
#1748=DIRECTION('',(0.,0.,-1.));
#1749=VECTOR('',#1748,1.535714286);
#1750=LINE('',#1747,#1749);
#1751=EDGE_CURVE('NONE',#1746,#1737,#1750,.T.);
#1752=ORIENTED_EDGE('',*,*,#1751,.F.);
#1753=CARTESIAN_POINT('',(-56.,6.5,4.678571429));
#1754=VERTEX_POINT('',#1753);
#1755=CARTESIAN_POINT('',(-56.,6.5,2.678571429));
#1756=DIRECTION('',(0.,-1.,0.));
#1757=DIRECTION('',(1.,0.,0.));
#1758=AXIS2_PLACEMENT_3D('',#1755,#1756,#1757);
#1759=CIRCLE('',#1758,2.);
#1760=EDGE_CURVE('NONE',#1746,#1754,#1759,.T.);
#1761=ORIENTED_EDGE('',*,*,#1760,.T.);
#1762=CARTESIAN_POINT('',(-61.25,6.5,4.678571429));
#1763=VERTEX_POINT('',#1762);
#1764=CARTESIAN_POINT('',(-56.,6.5,4.678571429));
#1765=DIRECTION('',(-1.,-0.,0.));
#1766=VECTOR('',#1765,5.25);
#1767=LINE('',#1764,#1766);
#1768=EDGE_CURVE('NONE',#1754,#1763,#1767,.T.);
#1769=ORIENTED_EDGE('',*,*,#1768,.T.);
#1770=CARTESIAN_POINT('',(-61.25,6.5,5.553571429));
#1771=DIRECTION('',(-0.,1.,0.));
#1772=DIRECTION('',(-1.,-0.,0.));
#1773=AXIS2_PLACEMENT_3D('',#1770,#1771,#1772);
#1774=CIRCLE('',#1773,0.875);
#1775=EDGE_CURVE('NONE',#1763,#830,#1774,.T.);
#1776=ORIENTED_EDGE('',*,*,#1775,.T.);
#1777=ORIENTED_EDGE('',*,*,#859,.T.);
#1778=CARTESIAN_POINT('',(-56.,6.5,6.428571429));
#1779=VERTEX_POINT('',#1778);
#1780=CARTESIAN_POINT('',(-56.,6.5,6.428571429));
#1781=DIRECTION('',(-1.,0.,0.));
#1782=VECTOR('',#1781,5.25);
#1783=LINE('',#1780,#1782);
#1784=EDGE_CURVE('NONE',#1779,#847,#1783,.T.);
#1785=ORIENTED_EDGE('',*,*,#1784,.F.);
#1786=CARTESIAN_POINT('',(-54.,6.5,8.428571429));
#1787=VERTEX_POINT('',#1786);
#1788=CARTESIAN_POINT('',(-56.,6.5,8.428571429));
#1789=DIRECTION('',(0.,-1.,-0.));
#1790=DIRECTION('',(-1.,-0.,0.));
#1791=AXIS2_PLACEMENT_3D('',#1788,#1789,#1790);
#1792=CIRCLE('',#1791,2.);
#1793=EDGE_CURVE('NONE',#1779,#1787,#1792,.T.);
#1794=ORIENTED_EDGE('',*,*,#1793,.T.);
#1795=CARTESIAN_POINT('',(-54.,6.5,9.964285714));
#1796=VERTEX_POINT('',#1795);
#1797=CARTESIAN_POINT('',(-54.,6.5,9.964285714));
#1798=DIRECTION('',(0.,0.,-1.));
#1799=VECTOR('',#1798,1.535714286);
#1800=LINE('',#1797,#1799);
#1801=EDGE_CURVE('NONE',#1796,#1787,#1800,.T.);
#1802=ORIENTED_EDGE('',*,*,#1801,.F.);
#1803=CARTESIAN_POINT('',(-56.,6.5,11.964285714));
#1804=VERTEX_POINT('',#1803);
#1805=CARTESIAN_POINT('',(-56.,6.5,9.964285714));
#1806=DIRECTION('',(0.,-1.,0.));
#1807=DIRECTION('',(1.,0.,0.));
#1808=AXIS2_PLACEMENT_3D('',#1805,#1806,#1807);
#1809=CIRCLE('',#1808,2.);
#1810=EDGE_CURVE('NONE',#1796,#1804,#1809,.T.);
#1811=ORIENTED_EDGE('',*,*,#1810,.T.);
#1812=CARTESIAN_POINT('',(-61.25,6.5,11.964285714));
#1813=VERTEX_POINT('',#1812);
#1814=CARTESIAN_POINT('',(-56.,6.5,11.964285714));
#1815=DIRECTION('',(-1.,-0.,0.));
#1816=VECTOR('',#1815,5.25);
#1817=LINE('',#1814,#1816);
#1818=EDGE_CURVE('NONE',#1804,#1813,#1817,.T.);
#1819=ORIENTED_EDGE('',*,*,#1818,.T.);
#1820=CARTESIAN_POINT('',(-61.25,6.5,12.839285714));
#1821=DIRECTION('',(-0.,1.,0.));
#1822=DIRECTION('',(-1.,-0.,0.));
#1823=AXIS2_PLACEMENT_3D('',#1820,#1821,#1822);
#1824=CIRCLE('',#1823,0.875);
#1825=EDGE_CURVE('NONE',#1813,#788,#1824,.T.);
#1826=ORIENTED_EDGE('',*,*,#1825,.T.);
#1827=ORIENTED_EDGE('',*,*,#817,.T.);
#1828=CARTESIAN_POINT('',(-56.,6.5,13.714285714));
#1829=VERTEX_POINT('',#1828);
#1830=CARTESIAN_POINT('',(-56.,6.5,13.714285714));
#1831=DIRECTION('',(-1.,0.,0.));
#1832=VECTOR('',#1831,5.25);
#1833=LINE('',#1830,#1832);
#1834=EDGE_CURVE('NONE',#1829,#805,#1833,.T.);
#1835=ORIENTED_EDGE('',*,*,#1834,.F.);
#1836=CARTESIAN_POINT('',(-54.,6.5,15.714285714));
#1837=VERTEX_POINT('',#1836);
#1838=CARTESIAN_POINT('',(-56.,6.5,15.714285714));
#1839=DIRECTION('',(0.,-1.,-0.));
#1840=DIRECTION('',(-1.,-0.,0.));
#1841=AXIS2_PLACEMENT_3D('',#1838,#1839,#1840);
#1842=CIRCLE('',#1841,2.);
#1843=EDGE_CURVE('NONE',#1829,#1837,#1842,.T.);
#1844=ORIENTED_EDGE('',*,*,#1843,.T.);
#1845=CARTESIAN_POINT('',(-54.,6.5,17.25));
#1846=VERTEX_POINT('',#1845);
#1847=CARTESIAN_POINT('',(-54.,6.5,17.25));
#1848=DIRECTION('',(0.,0.,-1.));
#1849=VECTOR('',#1848,1.535714286);
#1850=LINE('',#1847,#1849);
#1851=EDGE_CURVE('NONE',#1846,#1837,#1850,.T.);
#1852=ORIENTED_EDGE('',*,*,#1851,.F.);
#1853=CARTESIAN_POINT('',(-56.,6.5,19.25));
#1854=VERTEX_POINT('',#1853);
#1855=CARTESIAN_POINT('',(-56.,6.5,17.25));
#1856=DIRECTION('',(0.,-1.,0.));
#1857=DIRECTION('',(1.,0.,0.));
#1858=AXIS2_PLACEMENT_3D('',#1855,#1856,#1857);
#1859=CIRCLE('',#1858,2.);
#1860=EDGE_CURVE('NONE',#1846,#1854,#1859,.T.);
#1861=ORIENTED_EDGE('',*,*,#1860,.T.);
#1862=CARTESIAN_POINT('',(-61.25,6.5,19.25));
#1863=VERTEX_POINT('',#1862);
#1864=CARTESIAN_POINT('',(-56.,6.5,19.25));
#1865=DIRECTION('',(-1.,-0.,0.));
#1866=VECTOR('',#1865,5.25);
#1867=LINE('',#1864,#1866);
#1868=EDGE_CURVE('NONE',#1854,#1863,#1867,.T.);
#1869=ORIENTED_EDGE('',*,*,#1868,.T.);
#1870=CARTESIAN_POINT('',(-61.25,6.5,20.125));
#1871=DIRECTION('',(-0.,1.,0.));
#1872=DIRECTION('',(-1.,-0.,0.));
#1873=AXIS2_PLACEMENT_3D('',#1870,#1871,#1872);
#1874=CIRCLE('',#1873,0.875);
#1875=EDGE_CURVE('NONE',#1863,#746,#1874,.T.);
#1876=ORIENTED_EDGE('',*,*,#1875,.T.);
#1877=ORIENTED_EDGE('',*,*,#775,.T.);
#1878=CARTESIAN_POINT('',(-64.25,6.5,21.));
#1879=VERTEX_POINT('',#1878);
#1880=CARTESIAN_POINT('',(-61.25,6.5,21.));
#1881=DIRECTION('',(-1.,-0.,0.));
#1882=VECTOR('',#1881,3.);
#1883=LINE('',#1880,#1882);
#1884=EDGE_CURVE('NONE',#763,#1879,#1883,.T.);
#1885=ORIENTED_EDGE('',*,*,#1884,.T.);
#1886=CARTESIAN_POINT('',(-64.25,6.5,19.357142857));
#1887=VERTEX_POINT('',#1886);
#1888=CARTESIAN_POINT('',(-64.25,6.5,21.));
#1889=DIRECTION('',(0.,0.,-1.));
#1890=VECTOR('',#1889,1.642857143);
#1891=LINE('',#1888,#1890);
#1892=EDGE_CURVE('NONE',#1879,#1887,#1891,.T.);
#1893=ORIENTED_EDGE('',*,*,#1892,.T.);
#1894=CARTESIAN_POINT('',(-62.25,6.5,17.357142857));
#1895=VERTEX_POINT('',#1894);
#1896=CARTESIAN_POINT('',(-62.25,6.5,19.357142857));
#1897=DIRECTION('',(0.,-1.,-0.));
#1898=DIRECTION('',(-1.,-0.,0.));
#1899=AXIS2_PLACEMENT_3D('',#1896,#1897,#1898);
#1900=CIRCLE('',#1899,2.);
#1901=EDGE_CURVE('NONE',#1887,#1895,#1900,.T.);
#1902=ORIENTED_EDGE('',*,*,#1901,.T.);
#1903=CARTESIAN_POINT('',(-57.,6.5,17.357142857));
#1904=VERTEX_POINT('',#1903);
#1905=CARTESIAN_POINT('',(-62.25,6.5,17.357142857));
#1906=DIRECTION('',(1.,0.,-0.));
#1907=VECTOR('',#1906,5.25);
#1908=LINE('',#1905,#1907);
#1909=EDGE_CURVE('NONE',#1895,#1904,#1908,.T.);
#1910=ORIENTED_EDGE('',*,*,#1909,.T.);
#1911=CARTESIAN_POINT('',(-57.,6.5,15.607142857));
#1912=VERTEX_POINT('',#1911);
#1913=CARTESIAN_POINT('',(-57.,6.5,16.482142857));
#1914=DIRECTION('',(-0.,1.,0.));
#1915=DIRECTION('',(-1.,-0.,0.));
#1916=AXIS2_PLACEMENT_3D('',#1913,#1914,#1915);
#1917=CIRCLE('',#1916,0.875);
#1918=EDGE_CURVE('NONE',#1904,#1912,#1917,.T.);
#1919=ORIENTED_EDGE('',*,*,#1918,.T.);
#1920=CARTESIAN_POINT('',(-62.25,6.5,15.607142857));
#1921=VERTEX_POINT('',#1920);
#1922=CARTESIAN_POINT('',(-62.25,6.5,15.607142857));
#1923=DIRECTION('',(1.,0.,-0.));
#1924=VECTOR('',#1923,5.25);
#1925=LINE('',#1922,#1924);
#1926=EDGE_CURVE('NONE',#1921,#1912,#1925,.T.);
#1927=ORIENTED_EDGE('',*,*,#1926,.F.);
#1928=CARTESIAN_POINT('',(-64.25,6.5,13.607142857));
#1929=VERTEX_POINT('',#1928);
#1930=CARTESIAN_POINT('',(-62.25,6.5,13.607142857));
#1931=DIRECTION('',(0.,-1.,0.));
#1932=DIRECTION('',(1.,0.,0.));
#1933=AXIS2_PLACEMENT_3D('',#1930,#1931,#1932);
#1934=CIRCLE('',#1933,2.);
#1935=EDGE_CURVE('NONE',#1921,#1929,#1934,.T.);
#1936=ORIENTED_EDGE('',*,*,#1935,.T.);
#1937=CARTESIAN_POINT('',(-64.25,6.5,12.071428571));
#1938=VERTEX_POINT('',#1937);
#1939=CARTESIAN_POINT('',(-64.25,6.5,13.607142857));
#1940=DIRECTION('',(0.,0.,-1.));
#1941=VECTOR('',#1940,1.535714286);
#1942=LINE('',#1939,#1941);
#1943=EDGE_CURVE('NONE',#1929,#1938,#1942,.T.);
#1944=ORIENTED_EDGE('',*,*,#1943,.T.);
#1945=CARTESIAN_POINT('',(-62.25,6.5,10.071428571));
#1946=VERTEX_POINT('',#1945);
#1947=CARTESIAN_POINT('',(-62.25,6.5,12.071428571));
#1948=DIRECTION('',(0.,-1.,-0.));
#1949=DIRECTION('',(-1.,-0.,0.));
#1950=AXIS2_PLACEMENT_3D('',#1947,#1948,#1949);
#1951=CIRCLE('',#1950,2.);
#1952=EDGE_CURVE('NONE',#1938,#1946,#1951,.T.);
#1953=ORIENTED_EDGE('',*,*,#1952,.T.);
#1954=CARTESIAN_POINT('',(-57.,6.5,10.071428571));
#1955=VERTEX_POINT('',#1954);
#1956=CARTESIAN_POINT('',(-62.25,6.5,10.071428571));
#1957=DIRECTION('',(1.,0.,-0.));
#1958=VECTOR('',#1957,5.25);
#1959=LINE('',#1956,#1958);
#1960=EDGE_CURVE('NONE',#1946,#1955,#1959,.T.);
#1961=ORIENTED_EDGE('',*,*,#1960,.T.);
#1962=CARTESIAN_POINT('',(-57.,6.5,8.321428571));
#1963=VERTEX_POINT('',#1962);
#1964=CARTESIAN_POINT('',(-57.,6.5,9.196428571));
#1965=DIRECTION('',(-0.,1.,0.));
#1966=DIRECTION('',(-1.,-0.,0.));
#1967=AXIS2_PLACEMENT_3D('',#1964,#1965,#1966);
#1968=CIRCLE('',#1967,0.875);
#1969=EDGE_CURVE('NONE',#1955,#1963,#1968,.T.);
#1970=ORIENTED_EDGE('',*,*,#1969,.T.);
#1971=CARTESIAN_POINT('',(-62.25,6.5,8.321428571));
#1972=VERTEX_POINT('',#1971);
#1973=CARTESIAN_POINT('',(-62.25,6.5,8.321428571));
#1974=DIRECTION('',(1.,0.,-0.));
#1975=VECTOR('',#1974,5.25);
#1976=LINE('',#1973,#1975);
#1977=EDGE_CURVE('NONE',#1972,#1963,#1976,.T.);
#1978=ORIENTED_EDGE('',*,*,#1977,.F.);
#1979=CARTESIAN_POINT('',(-64.25,6.5,6.321428571));
#1980=VERTEX_POINT('',#1979);
#1981=CARTESIAN_POINT('',(-62.25,6.5,6.321428571));
#1982=DIRECTION('',(0.,-1.,0.));
#1983=DIRECTION('',(1.,0.,0.));
#1984=AXIS2_PLACEMENT_3D('',#1981,#1982,#1983);
#1985=CIRCLE('',#1984,2.);
#1986=EDGE_CURVE('NONE',#1972,#1980,#1985,.T.);
#1987=ORIENTED_EDGE('',*,*,#1986,.T.);
#1988=CARTESIAN_POINT('',(-64.25,6.5,4.785714286));
#1989=VERTEX_POINT('',#1988);
#1990=CARTESIAN_POINT('',(-64.25,6.5,6.321428571));
#1991=DIRECTION('',(0.,0.,-1.));
#1992=VECTOR('',#1991,1.535714286);
#1993=LINE('',#1990,#1992);
#1994=EDGE_CURVE('NONE',#1980,#1989,#1993,.T.);
#1995=ORIENTED_EDGE('',*,*,#1994,.T.);
#1996=CARTESIAN_POINT('',(-62.25,6.5,2.785714286));
#1997=VERTEX_POINT('',#1996);
#1998=CARTESIAN_POINT('',(-62.25,6.5,4.785714286));
#1999=DIRECTION('',(0.,-1.,-0.));
#2000=DIRECTION('',(-1.,-0.,0.));
#2001=AXIS2_PLACEMENT_3D('',#1998,#1999,#2000);
#2002=CIRCLE('',#2001,2.);
#2003=EDGE_CURVE('NONE',#1989,#1997,#2002,.T.);
#2004=ORIENTED_EDGE('',*,*,#2003,.T.);
#2005=CARTESIAN_POINT('',(-57.,6.5,2.785714286));
#2006=VERTEX_POINT('',#2005);
#2007=CARTESIAN_POINT('',(-62.25,6.5,2.785714286));
#2008=DIRECTION('',(1.,0.,-0.));
#2009=VECTOR('',#2008,5.25);
#2010=LINE('',#2007,#2009);
#2011=EDGE_CURVE('NONE',#1997,#2006,#2010,.T.);
#2012=ORIENTED_EDGE('',*,*,#2011,.T.);
#2013=CARTESIAN_POINT('',(-57.,6.5,1.035714286));
#2014=VERTEX_POINT('',#2013);
#2015=CARTESIAN_POINT('',(-57.,6.5,1.910714286));
#2016=DIRECTION('',(-0.,1.,0.));
#2017=DIRECTION('',(-1.,-0.,0.));
#2018=AXIS2_PLACEMENT_3D('',#2015,#2016,#2017);
#2019=CIRCLE('',#2018,0.875);
#2020=EDGE_CURVE('NONE',#2006,#2014,#2019,.T.);
#2021=ORIENTED_EDGE('',*,*,#2020,.T.);
#2022=CARTESIAN_POINT('',(-62.25,6.5,1.035714286));
#2023=VERTEX_POINT('',#2022);
#2024=CARTESIAN_POINT('',(-62.25,6.5,1.035714286));
#2025=DIRECTION('',(1.,0.,-0.));
#2026=VECTOR('',#2025,5.25);
#2027=LINE('',#2024,#2026);
#2028=EDGE_CURVE('NONE',#2023,#2014,#2027,.T.);
#2029=ORIENTED_EDGE('',*,*,#2028,.F.);
#2030=CARTESIAN_POINT('',(-64.25,6.5,-0.964285714));
#2031=VERTEX_POINT('',#2030);
#2032=CARTESIAN_POINT('',(-62.25,6.5,-0.964285714));
#2033=DIRECTION('',(0.,-1.,0.));
#2034=DIRECTION('',(1.,0.,0.));
#2035=AXIS2_PLACEMENT_3D('',#2032,#2033,#2034);
#2036=CIRCLE('',#2035,2.);
#2037=EDGE_CURVE('NONE',#2023,#2031,#2036,.T.);
#2038=ORIENTED_EDGE('',*,*,#2037,.T.);
#2039=CARTESIAN_POINT('',(-64.25,6.5,-2.5));
#2040=VERTEX_POINT('',#2039);
#2041=CARTESIAN_POINT('',(-64.25,6.5,-0.964285714));
#2042=DIRECTION('',(0.,0.,-1.));
#2043=VECTOR('',#2042,1.535714286);
#2044=LINE('',#2041,#2043);
#2045=EDGE_CURVE('NONE',#2031,#2040,#2044,.T.);
#2046=ORIENTED_EDGE('',*,*,#2045,.T.);
#2047=CARTESIAN_POINT('',(-62.25,6.5,-4.5));
#2048=VERTEX_POINT('',#2047);
#2049=CARTESIAN_POINT('',(-62.25,6.5,-2.5));
#2050=DIRECTION('',(0.,-1.,0.));
#2051=DIRECTION('',(-1.,-0.,0.));
#2052=AXIS2_PLACEMENT_3D('',#2049,#2050,#2051);
#2053=CIRCLE('',#2052,2.);
#2054=EDGE_CURVE('NONE',#2040,#2048,#2053,.T.);
#2055=ORIENTED_EDGE('',*,*,#2054,.T.);
#2056=CARTESIAN_POINT('',(-57.,6.5,-4.5));
#2057=VERTEX_POINT('',#2056);
#2058=CARTESIAN_POINT('',(-62.25,6.5,-4.5));
#2059=DIRECTION('',(1.,0.,-0.));
#2060=VECTOR('',#2059,5.25);
#2061=LINE('',#2058,#2060);
#2062=EDGE_CURVE('NONE',#2048,#2057,#2061,.T.);
#2063=ORIENTED_EDGE('',*,*,#2062,.T.);
#2064=CARTESIAN_POINT('',(-57.,6.5,-6.25));
#2065=VERTEX_POINT('',#2064);
#2066=CARTESIAN_POINT('',(-57.,6.5,-5.375));
#2067=DIRECTION('',(-0.,1.,0.));
#2068=DIRECTION('',(-1.,-0.,0.));
#2069=AXIS2_PLACEMENT_3D('',#2066,#2067,#2068);
#2070=CIRCLE('',#2069,0.875);
#2071=EDGE_CURVE('NONE',#2057,#2065,#2070,.T.);
#2072=ORIENTED_EDGE('',*,*,#2071,.T.);
#2073=CARTESIAN_POINT('',(-64.75,6.5,-6.25));
#2074=VERTEX_POINT('',#2073);
#2075=CARTESIAN_POINT('',(-57.,6.5,-6.25));
#2076=DIRECTION('',(-1.,-0.,0.));
#2077=VECTOR('',#2076,7.75);
#2078=LINE('',#2075,#2077);
#2079=EDGE_CURVE('NONE',#2065,#2074,#2078,.T.);
#2080=ORIENTED_EDGE('',*,*,#2079,.T.);
#2081=CARTESIAN_POINT('',(-64.75,6.5,17.5));
#2082=VERTEX_POINT('',#2081);
#2083=CARTESIAN_POINT('',(-64.75,6.5,17.5));
#2084=DIRECTION('',(0.,0.,-1.));
#2085=VECTOR('',#2084,23.75);
#2086=LINE('',#2083,#2085);
#2087=EDGE_CURVE('NONE',#2082,#2074,#2086,.T.);
#2088=ORIENTED_EDGE('',*,*,#2087,.F.);
#2089=CARTESIAN_POINT('',(-69.,6.5,17.5));
#2090=VERTEX_POINT('',#2089);
#2091=CARTESIAN_POINT('',(-69.,6.5,17.5));
#2092=DIRECTION('',(1.,0.,-0.));
#2093=VECTOR('',#2092,4.25);
#2094=LINE('',#2091,#2093);
#2095=EDGE_CURVE('NONE',#2090,#2082,#2094,.T.);
#2096=ORIENTED_EDGE('',*,*,#2095,.F.);
#2097=CARTESIAN_POINT('',(-69.,6.5,-12.25));
#2098=VERTEX_POINT('',#2097);
#2099=CARTESIAN_POINT('',(-69.,6.5,17.5));
#2100=DIRECTION('',(0.,0.,-1.));
#2101=VECTOR('',#2100,29.75);
#2102=LINE('',#2099,#2101);
#2103=EDGE_CURVE('NONE',#2090,#2098,#2102,.T.);
#2104=ORIENTED_EDGE('',*,*,#2103,.T.);
#2105=CARTESIAN_POINT('',(-49.,6.5,-12.25));
#2106=VERTEX_POINT('',#2105);
#2107=CARTESIAN_POINT('',(-49.,6.5,-12.25));
#2108=DIRECTION('',(-1.,-0.,0.));
#2109=VECTOR('',#2108,20.);
#2110=LINE('',#2107,#2109);
#2111=EDGE_CURVE('NONE',#2106,#2098,#2110,.T.);
#2112=ORIENTED_EDGE('',*,*,#2111,.F.);
#2113=CARTESIAN_POINT('',(-49.,6.5,17.5));
#2114=DIRECTION('',(-0.,-0.,-1.));
#2115=VECTOR('',#2114,29.75);
#2116=LINE('',#2113,#2115);
#2117=EDGE_CURVE('NONE',#1670,#2106,#2116,.T.);
#2118=ORIENTED_EDGE('',*,*,#2117,.F.);
#2119=EDGE_LOOP('',(#1678,#1686,#1694,#1702,#1711,#1719,#1726,#1727,#1735,#1744,#1752,#1761,#1769,#1776,#1777,#1785,#1794,#1802,#1811,#1819,#1826,#1827,#1835,#1844,#1852,#1861,
#1869,#1876,#1877,#1885,#1893,#1902,#1910,#1919,#1927,#1936,#1944,#1953,#1961,#1970,#1978,#1987,#1995,#2004,#2012,#2021,#2029,#2038,#2046,#2055,#2063,
#2072,#2080,#2088,#2096,#2104,#2112,#2118));
#2120=FACE_BOUND('',#2119,.T.);
#2121=ADVANCED_FACE('NONE',(#2120),#1668,.T.);
#2122=CARTESIAN_POINT('',(-46.5,9.,52.707037384));
#2123=DIRECTION('',(0.707106781,-0.707106781,0.));
#2124=DIRECTION('',(0.707106781,0.707106781,0.));
#2125=AXIS2_PLACEMENT_3D('',#2122,#2123,#2124);
#2126=PLANE('',#2125);
#2127=CARTESIAN_POINT('',(-46.853553391,8.646446609,-12.25));
#2128=VERTEX_POINT('',#2127);
#2129=CARTESIAN_POINT('',(-46.853553391,8.646446609,-12.25));
#2130=DIRECTION('',(-0.707106781,-0.707106781,0.));
#2131=VECTOR('',#2130,3.035533906);
#2132=LINE('',#2129,#2131);
#2133=EDGE_CURVE('NONE',#2128,#2106,#2132,.T.);
#2134=ORIENTED_EDGE('',*,*,#2133,.F.);
#2135=CARTESIAN_POINT('',(-46.853553391,8.646446609,46.));
#2136=VERTEX_POINT('',#2135);
#2137=CARTESIAN_POINT('',(-46.853553391,8.646446609,-12.25));
#2138=DIRECTION('',(0.,0.,1.));
#2139=VECTOR('',#2138,58.25);
#2140=LINE('',#2137,#2139);
#2141=EDGE_CURVE('NONE',#2128,#2136,#2140,.T.);
#2142=ORIENTED_EDGE('',*,*,#2141,.T.);
#2143=CARTESIAN_POINT('',(-46.853553391,8.646446609,46.));
#2144=DIRECTION('',(-0.707106781,-0.707106781,-0.));
#2145=VECTOR('',#2144,3.035533906);
#2146=LINE('',#2143,#2145);
#2147=EDGE_CURVE('NONE',#2136,#1580,#2146,.T.);
#2148=ORIENTED_EDGE('',*,*,#2147,.T.);
#2149=ORIENTED_EDGE('',*,*,#1587,.T.);
#2150=CARTESIAN_POINT('',(-49.,6.5,23.5));
#2151=DIRECTION('',(-0.,-0.,-1.));
#2152=VECTOR('',#2151,6.);
#2153=LINE('',#2150,#2152);
#2154=EDGE_CURVE('NONE',#1582,#1670,#2153,.T.);
#2155=ORIENTED_EDGE('',*,*,#2154,.T.);
#2156=ORIENTED_EDGE('',*,*,#2117,.T.);
#2157=EDGE_LOOP('',(#2134,#2142,#2148,#2149,#2155,#2156));
#2158=FACE_BOUND('',#2157,.T.);
#2159=ADVANCED_FACE('NONE',(#2158),#2126,.T.);
#2160=CARTESIAN_POINT('',(-49.5,12.,52.707037384));
#2161=DIRECTION('',(0.707106781,0.707106781,0.));
#2162=DIRECTION('',(-0.707106781,0.707106781,0.));
#2163=AXIS2_PLACEMENT_3D('',#2160,#2161,#2162);
#2164=PLANE('',#2163);
#2165=CARTESIAN_POINT('',(-49.5,12.,46.));
#2166=VERTEX_POINT('',#2165);
#2167=CARTESIAN_POINT('',(-46.853553391,9.353553391,46.));
#2168=VERTEX_POINT('',#2167);
#2169=CARTESIAN_POINT('',(-49.5,12.,46.));
#2170=DIRECTION('',(0.707106781,-0.707106781,-0.));
#2171=VECTOR('',#2170,3.742640687);
#2172=LINE('',#2169,#2171);
#2173=EDGE_CURVE('NONE',#2166,#2168,#2172,.T.);
#2174=ORIENTED_EDGE('',*,*,#2173,.T.);
#2175=CARTESIAN_POINT('',(-46.853553391,9.353553391,-12.25));
#2176=VERTEX_POINT('',#2175);
#2177=CARTESIAN_POINT('',(-46.853553391,9.353553391,46.));
#2178=DIRECTION('',(-0.,-0.,-1.));
#2179=VECTOR('',#2178,58.25);
#2180=LINE('',#2177,#2179);
#2181=EDGE_CURVE('NONE',#2168,#2176,#2180,.T.);
#2182=ORIENTED_EDGE('',*,*,#2181,.T.);
#2183=CARTESIAN_POINT('',(-49.5,12.,-12.25));
#2184=VERTEX_POINT('',#2183);
#2185=CARTESIAN_POINT('',(-49.5,12.,-12.25));
#2186=DIRECTION('',(0.707106781,-0.707106781,0.));
#2187=VECTOR('',#2186,3.742640687);
#2188=LINE('',#2185,#2187);
#2189=EDGE_CURVE('NONE',#2184,#2176,#2188,.T.);
#2190=ORIENTED_EDGE('',*,*,#2189,.F.);
#2191=CARTESIAN_POINT('',(-49.5,12.,46.));
#2192=DIRECTION('',(-0.,-0.,-1.));
#2193=VECTOR('',#2192,58.25);
#2194=LINE('',#2191,#2193);
#2195=EDGE_CURVE('NONE',#2166,#2184,#2194,.T.);
#2196=ORIENTED_EDGE('',*,*,#2195,.F.);
#2197=EDGE_LOOP('',(#2174,#2182,#2190,#2196));
#2198=FACE_BOUND('',#2197,.T.);
#2199=ADVANCED_FACE('NONE',(#2198),#2164,.T.);
#2200=CARTESIAN_POINT('',(-53.25,12.,52.707037384));
#2201=DIRECTION('',(0.,1.,0.));
#2202=DIRECTION('',(-1.,0.,0.));
#2203=AXIS2_PLACEMENT_3D('',#2200,#2201,#2202);
#2204=PLANE('',#2203);
#2205=ORIENTED_EDGE('',*,*,#558,.F.);
#2206=ORIENTED_EDGE('',*,*,#565,.F.);
#2207=EDGE_LOOP('',(#2205,#2206));
#2208=FACE_BOUND('',#2207,.T.);
#2209=CARTESIAN_POINT('',(-64.25,12.,40.908089297));
#2210=VERTEX_POINT('',#2209);
#2211=CARTESIAN_POINT('',(-64.25,12.,19.357142857));
#2212=VERTEX_POINT('',#2211);
#2213=CARTESIAN_POINT('',(-64.25,12.,40.908089297));
#2214=DIRECTION('',(-0.,-0.,-1.));
#2215=VECTOR('',#2214,21.55094644);
#2216=LINE('',#2213,#2215);
#2217=EDGE_CURVE('NONE',#2210,#2212,#2216,.T.);
#2218=ORIENTED_EDGE('',*,*,#2217,.F.);
#2219=CARTESIAN_POINT('',(-53.75,12.,40.908089297));
#2220=VERTEX_POINT('',#2219);
#2221=CARTESIAN_POINT('',(-64.25,12.,40.908089297));
#2222=DIRECTION('',(1.,-0.,-0.));
#2223=VECTOR('',#2222,10.5);
#2224=LINE('',#2221,#2223);
#2225=EDGE_CURVE('NONE',#2210,#2220,#2224,.T.);
#2226=ORIENTED_EDGE('',*,*,#2225,.T.);
#2227=CARTESIAN_POINT('',(-53.75,12.,21.));
#2228=VERTEX_POINT('',#2227);
#2229=CARTESIAN_POINT('',(-53.75,12.,21.));
#2230=DIRECTION('',(0.,0.,1.));
#2231=VECTOR('',#2230,19.908089297);
#2232=LINE('',#2229,#2231);
#2233=EDGE_CURVE('NONE',#2228,#2220,#2232,.T.);
#2234=ORIENTED_EDGE('',*,*,#2233,.F.);
#2235=CARTESIAN_POINT('',(-53.75,12.,21.));
#2236=DIRECTION('',(-1.,0.,0.));
#2237=VECTOR('',#2236,7.5);
#2238=LINE('',#2235,#2237);
#2239=EDGE_CURVE('NONE',#2228,#754,#2238,.T.);
#2240=ORIENTED_EDGE('',*,*,#2239,.T.);
#2241=ORIENTED_EDGE('',*,*,#760,.F.);
#2242=CARTESIAN_POINT('',(-61.25,12.,19.25));
#2243=VERTEX_POINT('',#2242);
#2244=CARTESIAN_POINT('',(-61.25,12.,20.125));
#2245=DIRECTION('',(-0.,1.,0.));
#2246=DIRECTION('',(-1.,-0.,0.));
#2247=AXIS2_PLACEMENT_3D('',#2244,#2245,#2246);
#2248=CIRCLE('',#2247,0.875);
#2249=EDGE_CURVE('NONE',#2243,#744,#2248,.T.);
#2250=ORIENTED_EDGE('',*,*,#2249,.F.);
#2251=CARTESIAN_POINT('',(-56.,12.,19.25));
#2252=VERTEX_POINT('',#2251);
#2253=CARTESIAN_POINT('',(-56.,12.,19.25));
#2254=DIRECTION('',(-1.,0.,0.));
#2255=VECTOR('',#2254,5.25);
#2256=LINE('',#2253,#2255);
#2257=EDGE_CURVE('NONE',#2252,#2243,#2256,.T.);
#2258=ORIENTED_EDGE('',*,*,#2257,.F.);
#2259=CARTESIAN_POINT('',(-54.,12.,17.25));
#2260=VERTEX_POINT('',#2259);
#2261=CARTESIAN_POINT('',(-56.,12.,17.25));
#2262=DIRECTION('',(-0.,1.,-0.));
#2263=DIRECTION('',(1.,0.,0.));
#2264=AXIS2_PLACEMENT_3D('',#2261,#2262,#2263);
#2265=CIRCLE('',#2264,2.);
#2266=EDGE_CURVE('NONE',#2252,#2260,#2265,.T.);
#2267=ORIENTED_EDGE('',*,*,#2266,.T.);
#2268=CARTESIAN_POINT('',(-54.,12.,15.714285714));
#2269=VERTEX_POINT('',#2268);
#2270=CARTESIAN_POINT('',(-54.,12.,17.25));
#2271=DIRECTION('',(-0.,-0.,-1.));
#2272=VECTOR('',#2271,1.535714286);
#2273=LINE('',#2270,#2272);
#2274=EDGE_CURVE('NONE',#2260,#2269,#2273,.T.);
#2275=ORIENTED_EDGE('',*,*,#2274,.T.);
#2276=CARTESIAN_POINT('',(-56.,12.,13.714285714));
#2277=VERTEX_POINT('',#2276);
#2278=CARTESIAN_POINT('',(-56.,12.,15.714285714));
#2279=DIRECTION('',(-0.,1.,0.));
#2280=DIRECTION('',(-1.,-0.,0.));
#2281=AXIS2_PLACEMENT_3D('',#2278,#2279,#2280);
#2282=CIRCLE('',#2281,2.);
#2283=EDGE_CURVE('NONE',#2269,#2277,#2282,.T.);
#2284=ORIENTED_EDGE('',*,*,#2283,.T.);
#2285=CARTESIAN_POINT('',(-56.,12.,13.714285714));
#2286=DIRECTION('',(-1.,0.,0.));
#2287=VECTOR('',#2286,5.25);
#2288=LINE('',#2285,#2287);
#2289=EDGE_CURVE('NONE',#2277,#796,#2288,.T.);
#2290=ORIENTED_EDGE('',*,*,#2289,.T.);
#2291=ORIENTED_EDGE('',*,*,#802,.F.);
#2292=CARTESIAN_POINT('',(-61.25,12.,11.964285714));
#2293=VERTEX_POINT('',#2292);
#2294=CARTESIAN_POINT('',(-61.25,12.,12.839285714));
#2295=DIRECTION('',(-0.,1.,0.));
#2296=DIRECTION('',(-1.,-0.,0.));
#2297=AXIS2_PLACEMENT_3D('',#2294,#2295,#2296);
#2298=CIRCLE('',#2297,0.875);
#2299=EDGE_CURVE('NONE',#2293,#786,#2298,.T.);
#2300=ORIENTED_EDGE('',*,*,#2299,.F.);
#2301=CARTESIAN_POINT('',(-56.,12.,11.964285714));
#2302=VERTEX_POINT('',#2301);
#2303=CARTESIAN_POINT('',(-56.,12.,11.964285714));
#2304=DIRECTION('',(-1.,0.,0.));
#2305=VECTOR('',#2304,5.25);
#2306=LINE('',#2303,#2305);
#2307=EDGE_CURVE('NONE',#2302,#2293,#2306,.T.);
#2308=ORIENTED_EDGE('',*,*,#2307,.F.);
#2309=CARTESIAN_POINT('',(-54.,12.,9.964285714));
#2310=VERTEX_POINT('',#2309);
#2311=CARTESIAN_POINT('',(-56.,12.,9.964285714));
#2312=DIRECTION('',(-0.,1.,-0.));
#2313=DIRECTION('',(1.,0.,0.));
#2314=AXIS2_PLACEMENT_3D('',#2311,#2312,#2313);
#2315=CIRCLE('',#2314,2.);
#2316=EDGE_CURVE('NONE',#2302,#2310,#2315,.T.);
#2317=ORIENTED_EDGE('',*,*,#2316,.T.);
#2318=CARTESIAN_POINT('',(-54.,12.,8.428571429));
#2319=VERTEX_POINT('',#2318);
#2320=CARTESIAN_POINT('',(-54.,12.,9.964285714));
#2321=DIRECTION('',(-0.,-0.,-1.));
#2322=VECTOR('',#2321,1.535714286);
#2323=LINE('',#2320,#2322);
#2324=EDGE_CURVE('NONE',#2310,#2319,#2323,.T.);
#2325=ORIENTED_EDGE('',*,*,#2324,.T.);
#2326=CARTESIAN_POINT('',(-56.,12.,6.428571429));
#2327=VERTEX_POINT('',#2326);
#2328=CARTESIAN_POINT('',(-56.,12.,8.428571429));
#2329=DIRECTION('',(-0.,1.,0.));
#2330=DIRECTION('',(-1.,-0.,0.));
#2331=AXIS2_PLACEMENT_3D('',#2328,#2329,#2330);
#2332=CIRCLE('',#2331,2.);
#2333=EDGE_CURVE('NONE',#2319,#2327,#2332,.T.);
#2334=ORIENTED_EDGE('',*,*,#2333,.T.);
#2335=CARTESIAN_POINT('',(-56.,12.,6.428571429));
#2336=DIRECTION('',(-1.,0.,0.));
#2337=VECTOR('',#2336,5.25);
#2338=LINE('',#2335,#2337);
#2339=EDGE_CURVE('NONE',#2327,#838,#2338,.T.);
#2340=ORIENTED_EDGE('',*,*,#2339,.T.);
#2341=ORIENTED_EDGE('',*,*,#844,.F.);
#2342=CARTESIAN_POINT('',(-61.25,12.,4.678571429));
#2343=VERTEX_POINT('',#2342);
#2344=CARTESIAN_POINT('',(-61.25,12.,5.553571429));
#2345=DIRECTION('',(-0.,1.,0.));
#2346=DIRECTION('',(-1.,-0.,0.));
#2347=AXIS2_PLACEMENT_3D('',#2344,#2345,#2346);
#2348=CIRCLE('',#2347,0.875);
#2349=EDGE_CURVE('NONE',#2343,#828,#2348,.T.);
#2350=ORIENTED_EDGE('',*,*,#2349,.F.);
#2351=CARTESIAN_POINT('',(-56.,12.,4.678571429));
#2352=VERTEX_POINT('',#2351);
#2353=CARTESIAN_POINT('',(-56.,12.,4.678571429));
#2354=DIRECTION('',(-1.,0.,-0.));
#2355=VECTOR('',#2354,5.25);
#2356=LINE('',#2353,#2355);
#2357=EDGE_CURVE('NONE',#2352,#2343,#2356,.T.);
#2358=ORIENTED_EDGE('',*,*,#2357,.F.);
#2359=CARTESIAN_POINT('',(-54.,12.,2.678571429));
#2360=VERTEX_POINT('',#2359);
#2361=CARTESIAN_POINT('',(-56.,12.,2.678571429));
#2362=DIRECTION('',(-0.,1.,-0.));
#2363=DIRECTION('',(1.,0.,0.));
#2364=AXIS2_PLACEMENT_3D('',#2361,#2362,#2363);
#2365=CIRCLE('',#2364,2.);
#2366=EDGE_CURVE('NONE',#2352,#2360,#2365,.T.);
#2367=ORIENTED_EDGE('',*,*,#2366,.T.);
#2368=CARTESIAN_POINT('',(-54.,12.,1.142857143));
#2369=VERTEX_POINT('',#2368);
#2370=CARTESIAN_POINT('',(-54.,12.,2.678571429));
#2371=DIRECTION('',(-0.,-0.,-1.));
#2372=VECTOR('',#2371,1.535714286);
#2373=LINE('',#2370,#2372);
#2374=EDGE_CURVE('NONE',#2360,#2369,#2373,.T.);
#2375=ORIENTED_EDGE('',*,*,#2374,.T.);
#2376=CARTESIAN_POINT('',(-56.,12.,-0.857142857));
#2377=VERTEX_POINT('',#2376);
#2378=CARTESIAN_POINT('',(-56.,12.,1.142857143));
#2379=DIRECTION('',(-0.,1.,-0.));
#2380=DIRECTION('',(-1.,-0.,0.));
#2381=AXIS2_PLACEMENT_3D('',#2378,#2379,#2380);
#2382=CIRCLE('',#2381,2.);
#2383=EDGE_CURVE('NONE',#2369,#2377,#2382,.T.);
#2384=ORIENTED_EDGE('',*,*,#2383,.T.);
#2385=CARTESIAN_POINT('',(-56.,12.,-0.857142857));
#2386=DIRECTION('',(-1.,0.,0.));
#2387=VECTOR('',#2386,5.25);
#2388=LINE('',#2385,#2387);
#2389=EDGE_CURVE('NONE',#2377,#880,#2388,.T.);
#2390=ORIENTED_EDGE('',*,*,#2389,.T.);
#2391=ORIENTED_EDGE('',*,*,#886,.F.);
#2392=CARTESIAN_POINT('',(-61.25,12.,-2.607142857));
#2393=VERTEX_POINT('',#2392);
#2394=CARTESIAN_POINT('',(-61.25,12.,-1.732142857));
#2395=DIRECTION('',(-0.,1.,0.));
#2396=DIRECTION('',(-1.,-0.,0.));
#2397=AXIS2_PLACEMENT_3D('',#2394,#2395,#2396);
#2398=CIRCLE('',#2397,0.875);
#2399=EDGE_CURVE('NONE',#2393,#870,#2398,.T.);
#2400=ORIENTED_EDGE('',*,*,#2399,.F.);
#2401=CARTESIAN_POINT('',(-56.,12.,-2.607142857));
#2402=VERTEX_POINT('',#2401);
#2403=CARTESIAN_POINT('',(-56.,12.,-2.607142857));
#2404=DIRECTION('',(-1.,0.,0.));
#2405=VECTOR('',#2404,5.25);
#2406=LINE('',#2403,#2405);
#2407=EDGE_CURVE('NONE',#2402,#2393,#2406,.T.);
#2408=ORIENTED_EDGE('',*,*,#2407,.F.);
#2409=CARTESIAN_POINT('',(-54.,12.,-4.607142857));
#2410=VERTEX_POINT('',#2409);
#2411=CARTESIAN_POINT('',(-56.,12.,-4.607142857));
#2412=DIRECTION('',(-0.,1.,0.));
#2413=DIRECTION('',(1.,0.,0.));
#2414=AXIS2_PLACEMENT_3D('',#2411,#2412,#2413);
#2415=CIRCLE('',#2414,2.);
#2416=EDGE_CURVE('NONE',#2402,#2410,#2415,.T.);
#2417=ORIENTED_EDGE('',*,*,#2416,.T.);
#2418=CARTESIAN_POINT('',(-54.,12.,-6.25));
#2419=VERTEX_POINT('',#2418);
#2420=CARTESIAN_POINT('',(-54.,12.,-4.607142857));
#2421=DIRECTION('',(-0.,-0.,-1.));
#2422=VECTOR('',#2421,1.642857143);
#2423=LINE('',#2420,#2422);
#2424=EDGE_CURVE('NONE',#2410,#2419,#2423,.T.);
#2425=ORIENTED_EDGE('',*,*,#2424,.T.);
#2426=CARTESIAN_POINT('',(-53.25,12.,-6.25));
#2427=VERTEX_POINT('',#2426);
#2428=CARTESIAN_POINT('',(-54.,12.,-6.25));
#2429=DIRECTION('',(1.,-0.,-0.));
#2430=VECTOR('',#2429,0.75);
#2431=LINE('',#2428,#2430);
#2432=EDGE_CURVE('NONE',#2419,#2427,#2431,.T.);
#2433=ORIENTED_EDGE('',*,*,#2432,.T.);
#2434=CARTESIAN_POINT('',(-53.25,12.,44.091910703));
#2435=VERTEX_POINT('',#2434);
#2436=CARTESIAN_POINT('',(-53.25,12.,44.091910703));
#2437=DIRECTION('',(-0.,-0.,-1.));
#2438=VECTOR('',#2437,50.341910703);
#2439=LINE('',#2436,#2438);
#2440=EDGE_CURVE('NONE',#2435,#2427,#2439,.T.);
#2441=ORIENTED_EDGE('',*,*,#2440,.F.);
#2442=CARTESIAN_POINT('',(-64.75,12.,44.091910703));
#2443=VERTEX_POINT('',#2442);
#2444=CARTESIAN_POINT('',(-53.25,12.,44.091910703));
#2445=DIRECTION('',(-1.,0.,0.));
#2446=VECTOR('',#2445,11.5);
#2447=LINE('',#2444,#2446);
#2448=EDGE_CURVE('NONE',#2435,#2443,#2447,.T.);
#2449=ORIENTED_EDGE('',*,*,#2448,.T.);
#2450=CARTESIAN_POINT('',(-64.75,12.,-6.25));
#2451=VERTEX_POINT('',#2450);
#2452=CARTESIAN_POINT('',(-64.75,12.,44.091910703));
#2453=DIRECTION('',(-0.,-0.,-1.));
#2454=VECTOR('',#2453,50.341910703);
#2455=LINE('',#2452,#2454);
#2456=EDGE_CURVE('NONE',#2443,#2451,#2455,.T.);
#2457=ORIENTED_EDGE('',*,*,#2456,.T.);
#2458=CARTESIAN_POINT('',(-57.,12.,-6.25));
#2459=VERTEX_POINT('',#2458);
#2460=CARTESIAN_POINT('',(-57.,12.,-6.25));
#2461=DIRECTION('',(-1.,0.,-0.));
#2462=VECTOR('',#2461,7.75);
#2463=LINE('',#2460,#2462);
#2464=EDGE_CURVE('NONE',#2459,#2451,#2463,.T.);
#2465=ORIENTED_EDGE('',*,*,#2464,.F.);
#2466=CARTESIAN_POINT('',(-57.,12.,-4.5));
#2467=VERTEX_POINT('',#2466);
#2468=CARTESIAN_POINT('',(-57.,12.,-5.375));
#2469=DIRECTION('',(-0.,1.,0.));
#2470=DIRECTION('',(-1.,-0.,0.));
#2471=AXIS2_PLACEMENT_3D('',#2468,#2469,#2470);
#2472=CIRCLE('',#2471,0.875);
#2473=EDGE_CURVE('NONE',#2467,#2459,#2472,.T.);
#2474=ORIENTED_EDGE('',*,*,#2473,.F.);
#2475=CARTESIAN_POINT('',(-62.25,12.,-4.5));
#2476=VERTEX_POINT('',#2475);
#2477=CARTESIAN_POINT('',(-62.25,12.,-4.5));
#2478=DIRECTION('',(1.,0.,0.));
#2479=VECTOR('',#2478,5.25);
#2480=LINE('',#2477,#2479);
#2481=EDGE_CURVE('NONE',#2476,#2467,#2480,.T.);
#2482=ORIENTED_EDGE('',*,*,#2481,.F.);
#2483=CARTESIAN_POINT('',(-64.25,12.,-2.5));
#2484=VERTEX_POINT('',#2483);
#2485=CARTESIAN_POINT('',(-62.25,12.,-2.5));
#2486=DIRECTION('',(-0.,1.,-0.));
#2487=DIRECTION('',(-1.,-0.,0.));
#2488=AXIS2_PLACEMENT_3D('',#2485,#2486,#2487);
#2489=CIRCLE('',#2488,2.);
#2490=EDGE_CURVE('NONE',#2476,#2484,#2489,.T.);
#2491=ORIENTED_EDGE('',*,*,#2490,.T.);
#2492=CARTESIAN_POINT('',(-64.25,12.,-0.964285714));
#2493=VERTEX_POINT('',#2492);
#2494=CARTESIAN_POINT('',(-64.25,12.,-0.964285714));
#2495=DIRECTION('',(-0.,-0.,-1.));
#2496=VECTOR('',#2495,1.535714286);
#2497=LINE('',#2494,#2496);
#2498=EDGE_CURVE('NONE',#2493,#2484,#2497,.T.);
#2499=ORIENTED_EDGE('',*,*,#2498,.F.);
#2500=CARTESIAN_POINT('',(-62.25,12.,1.035714286));
#2501=VERTEX_POINT('',#2500);
#2502=CARTESIAN_POINT('',(-62.25,12.,-0.964285714));
#2503=DIRECTION('',(-0.,1.,-0.));
#2504=DIRECTION('',(1.,0.,0.));
#2505=AXIS2_PLACEMENT_3D('',#2502,#2503,#2504);
#2506=CIRCLE('',#2505,2.);
#2507=EDGE_CURVE('NONE',#2493,#2501,#2506,.T.);
#2508=ORIENTED_EDGE('',*,*,#2507,.T.);
#2509=CARTESIAN_POINT('',(-57.,12.,1.035714286));
#2510=VERTEX_POINT('',#2509);
#2511=CARTESIAN_POINT('',(-62.25,12.,1.035714286));
#2512=DIRECTION('',(1.,-0.,-0.));
#2513=VECTOR('',#2512,5.25);
#2514=LINE('',#2511,#2513);
#2515=EDGE_CURVE('NONE',#2501,#2510,#2514,.T.);
#2516=ORIENTED_EDGE('',*,*,#2515,.T.);
#2517=CARTESIAN_POINT('',(-57.,12.,2.785714286));
#2518=VERTEX_POINT('',#2517);
#2519=CARTESIAN_POINT('',(-57.,12.,1.910714286));
#2520=DIRECTION('',(-0.,1.,0.));
#2521=DIRECTION('',(-1.,-0.,0.));
#2522=AXIS2_PLACEMENT_3D('',#2519,#2520,#2521);
#2523=CIRCLE('',#2522,0.875);
#2524=EDGE_CURVE('NONE',#2518,#2510,#2523,.T.);
#2525=ORIENTED_EDGE('',*,*,#2524,.F.);
#2526=CARTESIAN_POINT('',(-62.25,12.,2.785714286));
#2527=VERTEX_POINT('',#2526);
#2528=CARTESIAN_POINT('',(-62.25,12.,2.785714286));
#2529=DIRECTION('',(1.,0.,-0.));
#2530=VECTOR('',#2529,5.25);
#2531=LINE('',#2528,#2530);
#2532=EDGE_CURVE('NONE',#2527,#2518,#2531,.T.);
#2533=ORIENTED_EDGE('',*,*,#2532,.F.);
#2534=CARTESIAN_POINT('',(-64.25,12.,4.785714286));
#2535=VERTEX_POINT('',#2534);
#2536=CARTESIAN_POINT('',(-62.25,12.,4.785714286));
#2537=DIRECTION('',(-0.,1.,0.));
#2538=DIRECTION('',(-1.,-0.,0.));
#2539=AXIS2_PLACEMENT_3D('',#2536,#2537,#2538);
#2540=CIRCLE('',#2539,2.);
#2541=EDGE_CURVE('NONE',#2527,#2535,#2540,.T.);
#2542=ORIENTED_EDGE('',*,*,#2541,.T.);
#2543=CARTESIAN_POINT('',(-64.25,12.,6.321428571));
#2544=VERTEX_POINT('',#2543);
#2545=CARTESIAN_POINT('',(-64.25,12.,6.321428571));
#2546=DIRECTION('',(-0.,-0.,-1.));
#2547=VECTOR('',#2546,1.535714286);
#2548=LINE('',#2545,#2547);
#2549=EDGE_CURVE('NONE',#2544,#2535,#2548,.T.);
#2550=ORIENTED_EDGE('',*,*,#2549,.F.);
#2551=CARTESIAN_POINT('',(-62.25,12.,8.321428571));
#2552=VERTEX_POINT('',#2551);
#2553=CARTESIAN_POINT('',(-62.25,12.,6.321428571));
#2554=DIRECTION('',(-0.,1.,-0.));
#2555=DIRECTION('',(1.,0.,0.));
#2556=AXIS2_PLACEMENT_3D('',#2553,#2554,#2555);
#2557=CIRCLE('',#2556,2.);
#2558=EDGE_CURVE('NONE',#2544,#2552,#2557,.T.);
#2559=ORIENTED_EDGE('',*,*,#2558,.T.);
#2560=CARTESIAN_POINT('',(-57.,12.,8.321428571));
#2561=VERTEX_POINT('',#2560);
#2562=CARTESIAN_POINT('',(-62.25,12.,8.321428571));
#2563=DIRECTION('',(1.,-0.,-0.));
#2564=VECTOR('',#2563,5.25);
#2565=LINE('',#2562,#2564);
#2566=EDGE_CURVE('NONE',#2552,#2561,#2565,.T.);
#2567=ORIENTED_EDGE('',*,*,#2566,.T.);
#2568=CARTESIAN_POINT('',(-57.,12.,10.071428571));
#2569=VERTEX_POINT('',#2568);
#2570=CARTESIAN_POINT('',(-57.,12.,9.196428571));
#2571=DIRECTION('',(-0.,1.,0.));
#2572=DIRECTION('',(-1.,-0.,0.));
#2573=AXIS2_PLACEMENT_3D('',#2570,#2571,#2572);
#2574=CIRCLE('',#2573,0.875);
#2575=EDGE_CURVE('NONE',#2569,#2561,#2574,.T.);
#2576=ORIENTED_EDGE('',*,*,#2575,.F.);
#2577=CARTESIAN_POINT('',(-62.25,12.,10.071428571));
#2578=VERTEX_POINT('',#2577);
#2579=CARTESIAN_POINT('',(-62.25,12.,10.071428571));
#2580=DIRECTION('',(1.,0.,-0.));
#2581=VECTOR('',#2580,5.25);
#2582=LINE('',#2579,#2581);
#2583=EDGE_CURVE('NONE',#2578,#2569,#2582,.T.);
#2584=ORIENTED_EDGE('',*,*,#2583,.F.);
#2585=CARTESIAN_POINT('',(-64.25,12.,12.071428571));
#2586=VERTEX_POINT('',#2585);
#2587=CARTESIAN_POINT('',(-62.25,12.,12.071428571));
#2588=DIRECTION('',(-0.,1.,0.));
#2589=DIRECTION('',(-1.,-0.,0.));
#2590=AXIS2_PLACEMENT_3D('',#2587,#2588,#2589);
#2591=CIRCLE('',#2590,2.);
#2592=EDGE_CURVE('NONE',#2578,#2586,#2591,.T.);
#2593=ORIENTED_EDGE('',*,*,#2592,.T.);
#2594=CARTESIAN_POINT('',(-64.25,12.,13.607142857));
#2595=VERTEX_POINT('',#2594);
#2596=CARTESIAN_POINT('',(-64.25,12.,13.607142857));
#2597=DIRECTION('',(-0.,-0.,-1.));
#2598=VECTOR('',#2597,1.535714286);
#2599=LINE('',#2596,#2598);
#2600=EDGE_CURVE('NONE',#2595,#2586,#2599,.T.);
#2601=ORIENTED_EDGE('',*,*,#2600,.F.);
#2602=CARTESIAN_POINT('',(-62.25,12.,15.607142857));
#2603=VERTEX_POINT('',#2602);
#2604=CARTESIAN_POINT('',(-62.25,12.,13.607142857));
#2605=DIRECTION('',(-0.,1.,-0.));
#2606=DIRECTION('',(1.,0.,0.));
#2607=AXIS2_PLACEMENT_3D('',#2604,#2605,#2606);
#2608=CIRCLE('',#2607,2.);
#2609=EDGE_CURVE('NONE',#2595,#2603,#2608,.T.);
#2610=ORIENTED_EDGE('',*,*,#2609,.T.);
#2611=CARTESIAN_POINT('',(-57.,12.,15.607142857));
#2612=VERTEX_POINT('',#2611);
#2613=CARTESIAN_POINT('',(-62.25,12.,15.607142857));
#2614=DIRECTION('',(1.,-0.,-0.));
#2615=VECTOR('',#2614,5.25);
#2616=LINE('',#2613,#2615);
#2617=EDGE_CURVE('NONE',#2603,#2612,#2616,.T.);
#2618=ORIENTED_EDGE('',*,*,#2617,.T.);
#2619=CARTESIAN_POINT('',(-57.,12.,17.357142857));
#2620=VERTEX_POINT('',#2619);
#2621=CARTESIAN_POINT('',(-57.,12.,16.482142857));
#2622=DIRECTION('',(-0.,1.,0.));
#2623=DIRECTION('',(-1.,-0.,0.));
#2624=AXIS2_PLACEMENT_3D('',#2621,#2622,#2623);
#2625=CIRCLE('',#2624,0.875);
#2626=EDGE_CURVE('NONE',#2620,#2612,#2625,.T.);
#2627=ORIENTED_EDGE('',*,*,#2626,.F.);
#2628=CARTESIAN_POINT('',(-62.25,12.,17.357142857));
#2629=VERTEX_POINT('',#2628);
#2630=CARTESIAN_POINT('',(-62.25,12.,17.357142857));
#2631=DIRECTION('',(1.,0.,-0.));
#2632=VECTOR('',#2631,5.25);
#2633=LINE('',#2630,#2632);
#2634=EDGE_CURVE('NONE',#2629,#2620,#2633,.T.);
#2635=ORIENTED_EDGE('',*,*,#2634,.F.);
#2636=CARTESIAN_POINT('',(-62.25,12.,19.357142857));
#2637=DIRECTION('',(-0.,1.,0.));
#2638=DIRECTION('',(-1.,-0.,0.));
#2639=AXIS2_PLACEMENT_3D('',#2636,#2637,#2638);
#2640=CIRCLE('',#2639,2.);
#2641=EDGE_CURVE('NONE',#2629,#2212,#2640,.T.);
#2642=ORIENTED_EDGE('',*,*,#2641,.T.);
#2643=EDGE_LOOP('',(#2218,#2226,#2234,#2240,#2241,#2250,#2258,#2267,#2275,#2284,#2290,#2291,#2300,#2308,#2317,#2325,#2334,#2340,#2341,#2350,#2358,#2367,#2375,#2384,#2390,#2391,
#2400,#2408,#2417,#2425,#2433,#2441,#2449,#2457,#2465,#2474,#2482,#2491,#2499,#2508,#2516,#2525,#2533,#2542,#2550,#2559,#2567,#2576,#2584,#2593,#2601,
#2610,#2618,#2627,#2635,#2642));
#2644=FACE_BOUND('',#2643,.T.);
#2645=CARTESIAN_POINT('',(-52.328427125,12.,48.));
#2646=VERTEX_POINT('',#2645);
#2647=CARTESIAN_POINT('',(-65.671572875,12.,48.));
#2648=VERTEX_POINT('',#2647);
#2649=CARTESIAN_POINT('',(-52.328427125,12.,48.));
#2650=DIRECTION('',(-1.,-0.,0.));
#2651=VECTOR('',#2650,13.343145751);
#2652=LINE('',#2649,#2651);
#2653=EDGE_CURVE('NONE',#2646,#2648,#2652,.T.);
#2654=ORIENTED_EDGE('',*,*,#2653,.F.);
#2655=CARTESIAN_POINT('',(-52.328427125,12.,48.));
#2656=CARTESIAN_POINT('',(-50.671572875,12.,48.));
#2657=CARTESIAN_POINT('',(-49.5,12.,47.171572875));
#2658=CARTESIAN_POINT('',(-49.5,12.,46.));
#2659=(BOUNDED_CURVE()
B_SPLINE_CURVE(3,(#2655,#2656,#2657,#2658),.UNSPECIFIED.,.F.,.F.)
B_SPLINE_CURVE_WITH_KNOTS((4,4),(1.570796327,3.141592654),.UNSPECIFIED.)
CURVE()
GEOMETRIC_REPRESENTATION_ITEM()
RATIONAL_B_SPLINE_CURVE((1.,0.804737854,0.804737854,1.))
REPRESENTATION_ITEM(''));
#2660=EDGE_CURVE('NONE',#2646,#2166,#2659,.T.);
#2661=ORIENTED_EDGE('',*,*,#2660,.T.);
#2662=ORIENTED_EDGE('',*,*,#2195,.T.);
#2663=CARTESIAN_POINT('',(-68.5,12.,-12.25));
#2664=VERTEX_POINT('',#2663);
#2665=CARTESIAN_POINT('',(-68.5,12.,-12.25));
#2666=DIRECTION('',(1.,0.,-0.));
#2667=VECTOR('',#2666,19.);
#2668=LINE('',#2665,#2667);
#2669=EDGE_CURVE('NONE',#2664,#2184,#2668,.T.);
#2670=ORIENTED_EDGE('',*,*,#2669,.F.);
#2671=CARTESIAN_POINT('',(-68.5,12.,46.));
#2672=VERTEX_POINT('',#2671);
#2673=CARTESIAN_POINT('',(-68.5,12.,46.));
#2674=DIRECTION('',(-0.,-0.,-1.));
#2675=VECTOR('',#2674,58.25);
#2676=LINE('',#2673,#2675);
#2677=EDGE_CURVE('NONE',#2672,#2664,#2676,.T.);
#2678=ORIENTED_EDGE('',*,*,#2677,.F.);
#2679=CARTESIAN_POINT('',(-68.5,12.,46.));
#2680=CARTESIAN_POINT('',(-68.5,12.,47.171572875));
#2681=CARTESIAN_POINT('',(-67.328427125,12.,48.));
#2682=CARTESIAN_POINT('',(-65.671572875,12.,48.));
#2683=(BOUNDED_CURVE()
B_SPLINE_CURVE(3,(#2679,#2680,#2681,#2682),.UNSPECIFIED.,.F.,.F.)
B_SPLINE_CURVE_WITH_KNOTS((4,4),(0.,1.570796327),.UNSPECIFIED.)
CURVE()
GEOMETRIC_REPRESENTATION_ITEM()
RATIONAL_B_SPLINE_CURVE((1.,0.804737854,0.804737854,1.))
REPRESENTATION_ITEM(''));
#2684=EDGE_CURVE('NONE',#2672,#2648,#2683,.T.);
#2685=ORIENTED_EDGE('',*,*,#2684,.T.);
#2686=EDGE_LOOP('',(#2654,#2661,#2662,#2670,#2678,#2685));
#2687=FACE_BOUND('',#2686,.T.);
#2688=ADVANCED_FACE('NONE',(#2208,#2644,#2687),#2204,.T.);
#2689=CARTESIAN_POINT('',(-53.25,6.5,52.707037384));
#2690=DIRECTION('',(-1.,0.,0.));
#2691=DIRECTION('',(0.,0.,1.));
#2692=AXIS2_PLACEMENT_3D('',#2689,#2690,#2691);
#2693=PLANE('',#2692);
#2694=CARTESIAN_POINT('',(-53.25,6.5,-6.25));
#2695=DIRECTION('',(0.,1.,0.));
#2696=VECTOR('',#2695,5.5);
#2697=LINE('',#2694,#2696);
#2698=EDGE_CURVE('NONE',#1680,#2427,#2697,.T.);
#2699=ORIENTED_EDGE('',*,*,#2698,.F.);
#2700=ORIENTED_EDGE('',*,*,#1685,.F.);
#2701=CARTESIAN_POINT('',(-53.25,5.5,17.5));
#2702=VERTEX_POINT('',#2701);
#2703=CARTESIAN_POINT('',(-53.25,6.5,17.5));
#2704=DIRECTION('',(-0.,-1.,-0.));
#2705=VECTOR('',#2704,1.);
#2706=LINE('',#2703,#2705);
#2707=EDGE_CURVE('NONE',#1672,#2702,#2706,.T.);
#2708=ORIENTED_EDGE('',*,*,#2707,.T.);
#2709=CARTESIAN_POINT('',(-53.25,4.479800662,15.732962913));
#2710=VERTEX_POINT('',#2709);
#2711=CARTESIAN_POINT('',(-53.25,5.5,17.5));
#2712=DIRECTION('',(0.,-0.5,-0.866025404));
#2713=VECTOR('',#2712,2.040398676);
#2714=LINE('',#2711,#2713);
#2715=EDGE_CURVE('NONE',#2702,#2710,#2714,.T.);
#2716=ORIENTED_EDGE('',*,*,#2715,.T.);
#2717=CARTESIAN_POINT('',(-53.25,3.79678796,15.549950211));
#2718=VERTEX_POINT('',#2717);
#2719=CARTESIAN_POINT('',(-53.25,4.04678796,15.982962913));
#2720=DIRECTION('',(-1.,0.,0.));
#2721=DIRECTION('',(0.,0.,1.));
#2722=AXIS2_PLACEMENT_3D('',#2719,#2720,#2721);
#2723=CIRCLE('',#2722,0.5);
#2724=EDGE_CURVE('NONE',#2710,#2718,#2723,.T.);
#2725=ORIENTED_EDGE('',*,*,#2724,.T.);
#2726=CARTESIAN_POINT('',(-53.25,1.,17.164676493));
#2727=VERTEX_POINT('',#2726);
#2728=CARTESIAN_POINT('',(-53.25,3.79678796,15.549950211));
#2729=DIRECTION('',(0.,-0.866025404,0.5));
#2730=VECTOR('',#2729,3.229452564);
#2731=LINE('',#2728,#2730);
#2732=EDGE_CURVE('NONE',#2718,#2727,#2731,.T.);
#2733=ORIENTED_EDGE('',*,*,#2732,.T.);
#2734=CARTESIAN_POINT('',(-53.25,0.,18.896727301));
#2735=VERTEX_POINT('',#2734);
#2736=CARTESIAN_POINT('',(-53.25,2.,18.896727301));
#2737=DIRECTION('',(-1.,0.,0.));
#2738=DIRECTION('',(0.,0.,1.));
#2739=AXIS2_PLACEMENT_3D('',#2736,#2737,#2738);
#2740=CIRCLE('',#2739,2.);
#2741=EDGE_CURVE('NONE',#2727,#2735,#2740,.T.);
#2742=ORIENTED_EDGE('',*,*,#2741,.T.);
#2743=CARTESIAN_POINT('',(-53.25,0.,23.5));
#2744=VERTEX_POINT('',#2743);
#2745=CARTESIAN_POINT('',(-53.25,0.,18.896727301));
#2746=DIRECTION('',(0.,0.,1.));
#2747=VECTOR('',#2746,4.603272699);
#2748=LINE('',#2745,#2747);
#2749=EDGE_CURVE('NONE',#2735,#2744,#2748,.T.);
#2750=ORIENTED_EDGE('',*,*,#2749,.T.);
#2751=CARTESIAN_POINT('',(-53.25,0.,23.5));
#2752=DIRECTION('',(0.,1.,0.));
#2753=VECTOR('',#2752,6.5);
#2754=LINE('',#2751,#2753);
#2755=EDGE_CURVE('NONE',#2744,#1648,#2754,.T.);
#2756=ORIENTED_EDGE('',*,*,#2755,.T.);
#2757=ORIENTED_EDGE('',*,*,#1653,.F.);
#2758=CARTESIAN_POINT('',(-53.25,9.,43.));
#2759=VERTEX_POINT('',#2758);
#2760=CARTESIAN_POINT('',(-53.25,9.,43.));
#2761=DIRECTION('',(-0.,-1.,-0.));
#2762=VECTOR('',#2761,2.5);
#2763=LINE('',#2760,#2762);
#2764=EDGE_CURVE('NONE',#2759,#1640,#2763,.T.);
#2765=ORIENTED_EDGE('',*,*,#2764,.F.);
#2766=CARTESIAN_POINT('',(-53.25,9.,43.));
#2767=DIRECTION('',(0.,0.939692621,0.342020143));
#2768=VECTOR('',#2767,3.192533317);
#2769=LINE('',#2766,#2768);
#2770=EDGE_CURVE('NONE',#2759,#2435,#2769,.T.);
#2771=ORIENTED_EDGE('',*,*,#2770,.T.);
#2772=ORIENTED_EDGE('',*,*,#2440,.T.);
#2773=EDGE_LOOP('',(#2699,#2700,#2708,#2716,#2725,#2733,#2742,#2750,#2756,#2757,#2765,#2771,#2772));
#2774=FACE_BOUND('',#2773,.T.);
#2775=ADVANCED_FACE('NONE',(#2774),#2693,.T.);
#2776=CARTESIAN_POINT('',(-59.,0.,-12.25));
#2777=DIRECTION('',(0.,0.,1.));
#2778=DIRECTION('',(1.,0.,0.));
#2779=AXIS2_PLACEMENT_3D('',#2776,#2777,#2778);
#2780=PLANE('',#2779);
#2781=ORIENTED_EDGE('',*,*,#2189,.T.);
#2782=CARTESIAN_POINT('',(-47.207106781,9.,-12.25));
#2783=DIRECTION('',(0.,0.,-1.));
#2784=DIRECTION('',(-1.,0.,0.));
#2785=AXIS2_PLACEMENT_3D('',#2782,#2783,#2784);
#2786=CIRCLE('',#2785,0.5);
#2787=EDGE_CURVE('NONE',#2176,#2128,#2786,.T.);
#2788=ORIENTED_EDGE('',*,*,#2787,.T.);
#2789=ORIENTED_EDGE('',*,*,#2133,.T.);
#2790=ORIENTED_EDGE('',*,*,#2111,.T.);
#2791=CARTESIAN_POINT('',(-71.146446609,8.646446609,-12.25));
#2792=VERTEX_POINT('',#2791);
#2793=CARTESIAN_POINT('',(-69.,6.5,-12.25));
#2794=DIRECTION('',(-0.707106781,0.707106781,0.));
#2795=VECTOR('',#2794,3.035533906);
#2796=LINE('',#2793,#2795);
#2797=EDGE_CURVE('NONE',#2098,#2792,#2796,.T.);
#2798=ORIENTED_EDGE('',*,*,#2797,.T.);
#2799=CARTESIAN_POINT('',(-70.792893219,9.,-12.25));
#2800=DIRECTION('',(0.,0.,-1.));
#2801=DIRECTION('',(-1.,0.,0.));
#2802=AXIS2_PLACEMENT_3D('',#2799,#2800,#2801);
#2803=CIRCLE('',#2802,0.5);
#2804=EDGE_CURVE('NONE',#2792,#423,#2803,.T.);
#2805=ORIENTED_EDGE('',*,*,#2804,.T.);
#2806=ORIENTED_EDGE('',*,*,#454,.T.);
#2807=CARTESIAN_POINT('',(-71.146446609,9.353553391,-12.25));
#2808=DIRECTION('',(0.707106781,0.707106781,0.));
#2809=VECTOR('',#2808,3.742640687);
#2810=LINE('',#2807,#2809);
#2811=EDGE_CURVE('NONE',#442,#2664,#2810,.T.);
#2812=ORIENTED_EDGE('',*,*,#2811,.T.);
#2813=ORIENTED_EDGE('',*,*,#2669,.T.);
#2814=EDGE_LOOP('',(#2781,#2788,#2789,#2790,#2798,#2805,#2806,#2812,#2813));
#2815=FACE_BOUND('',#2814,.T.);
#2816=ADVANCED_FACE('NONE',(#2815),#2780,.F.);
#2817=CARTESIAN_POINT('',(-64.25,-36.323037024,-0.));
#2818=DIRECTION('',(1.,0.,0.));
#2819=DIRECTION('',(-0.,1.,0.));
#2820=AXIS2_PLACEMENT_3D('',#2817,#2818,#2819);
#2821=PLANE('',#2820);
#2822=ORIENTED_EDGE('',*,*,#1280,.F.);
#2823=CARTESIAN_POINT('',(-64.25,9.,42.));
#2824=DIRECTION('',(-0.,0.939692621,-0.342020143));
#2825=VECTOR('',#2824,3.192533317);
#2826=LINE('',#2823,#2825);
#2827=EDGE_CURVE('NONE',#1267,#2210,#2826,.T.);
#2828=ORIENTED_EDGE('',*,*,#2827,.T.);
#2829=ORIENTED_EDGE('',*,*,#2217,.T.);
#2830=CARTESIAN_POINT('',(-64.25,12.,19.357142857));
#2831=DIRECTION('',(0.,-1.,-0.));
#2832=VECTOR('',#2831,5.5);
#2833=LINE('',#2830,#2832);
#2834=EDGE_CURVE('NONE',#2212,#1887,#2833,.T.);
#2835=ORIENTED_EDGE('',*,*,#2834,.T.);
#2836=ORIENTED_EDGE('',*,*,#1892,.F.);
#2837=CARTESIAN_POINT('',(-64.25,2.,21.));
#2838=VERTEX_POINT('',#2837);
#2839=CARTESIAN_POINT('',(-64.25,6.5,21.));
#2840=DIRECTION('',(0.,-1.,-0.));
#2841=VECTOR('',#2840,4.5);
#2842=LINE('',#2839,#2841);
#2843=EDGE_CURVE('NONE',#1879,#2838,#2842,.T.);
#2844=ORIENTED_EDGE('',*,*,#2843,.T.);
#2845=CARTESIAN_POINT('',(-64.25,0.,23.));
#2846=DIRECTION('',(0.,0.707106781,-0.707106781));
#2847=VECTOR('',#2846,2.828427125);
#2848=LINE('',#2845,#2847);
#2849=EDGE_CURVE('NONE',#1534,#2838,#2848,.T.);
#2850=ORIENTED_EDGE('',*,*,#2849,.F.);
#2851=ORIENTED_EDGE('',*,*,#1539,.T.);
#2852=ORIENTED_EDGE('',*,*,#1136,.T.);
#2853=CARTESIAN_POINT('',(-64.25,5.5,29.));
#2854=VERTEX_POINT('',#2853);
#2855=CARTESIAN_POINT('',(-64.25,5.5,29.));
#2856=DIRECTION('',(-0.,-1.,-0.));
#2857=VECTOR('',#2856,5.231613045);
#2858=LINE('',#2855,#2857);
#2859=EDGE_CURVE('NONE',#2854,#1123,#2858,.T.);
#2860=ORIENTED_EDGE('',*,*,#2859,.F.);
#2861=CARTESIAN_POINT('',(-64.25,5.5,29.));
#2862=DIRECTION('',(0.,0.,1.));
#2863=VECTOR('',#2862,13.);
#2864=LINE('',#2861,#2863);
#2865=EDGE_CURVE('NONE',#2854,#1275,#2864,.T.);
#2866=ORIENTED_EDGE('',*,*,#2865,.T.);
#2867=EDGE_LOOP('',(#2822,#2828,#2829,#2835,#2836,#2844,#2850,#2851,#2852,#2860,#2866));
#2868=FACE_BOUND('',#2867,.T.);
#2869=ADVANCED_FACE('NONE',(#2868),#2821,.F.);
#2870=CARTESIAN_POINT('',(-59.,-36.323037024,17.357142857));
#2871=DIRECTION('',(0.,0.,1.));
#2872=DIRECTION('',(1.,0.,0.));
#2873=AXIS2_PLACEMENT_3D('',#2870,#2871,#2872);
#2874=PLANE('',#2873);
#2875=ORIENTED_EDGE('',*,*,#1909,.F.);
#2876=CARTESIAN_POINT('',(-62.25,6.5,17.357142857));
#2877=DIRECTION('',(0.,1.,0.));
#2878=VECTOR('',#2877,5.5);
#2879=LINE('',#2876,#2878);
#2880=EDGE_CURVE('NONE',#1895,#2629,#2879,.T.);
#2881=ORIENTED_EDGE('',*,*,#2880,.T.);
#2882=ORIENTED_EDGE('',*,*,#2634,.T.);
#2883=CARTESIAN_POINT('',(-57.,6.5,17.357142857));
#2884=DIRECTION('',(-0.,1.,0.));
#2885=VECTOR('',#2884,5.5);
#2886=LINE('',#2883,#2885);
#2887=EDGE_CURVE('NONE',#1904,#2620,#2886,.T.);
#2888=ORIENTED_EDGE('',*,*,#2887,.F.);
#2889=EDGE_LOOP('',(#2875,#2881,#2882,#2888));
#2890=FACE_BOUND('',#2889,.T.);
#2891=ADVANCED_FACE('NONE',(#2890),#2874,.F.);
#2892=CARTESIAN_POINT('',(-57.,-36.323037024,16.482142857));
#2893=DIRECTION('',(-0.,1.,0.));
#2894=DIRECTION('',(-1.,-0.,0.));
#2895=AXIS2_PLACEMENT_3D('',#2892,#2893,#2894);
#2896=CYLINDRICAL_SURFACE('',#2895,0.875);
#2897=ORIENTED_EDGE('',*,*,#1918,.F.);
#2898=ORIENTED_EDGE('',*,*,#2887,.T.);
#2899=ORIENTED_EDGE('',*,*,#2626,.T.);
#2900=CARTESIAN_POINT('',(-57.,6.5,15.607142857));
#2901=DIRECTION('',(0.,1.,0.));
#2902=VECTOR('',#2901,5.5);
#2903=LINE('',#2900,#2902);
#2904=EDGE_CURVE('NONE',#1912,#2612,#2903,.T.);
#2905=ORIENTED_EDGE('',*,*,#2904,.F.);
#2906=EDGE_LOOP('',(#2897,#2898,#2899,#2905));
#2907=FACE_BOUND('',#2906,.T.);
#2908=ADVANCED_FACE('NONE',(#2907),#2896,.F.);
#2909=CARTESIAN_POINT('',(-59.,-36.323037024,15.607142857));
#2910=DIRECTION('',(0.,0.,1.));
#2911=DIRECTION('',(1.,0.,0.));
#2912=AXIS2_PLACEMENT_3D('',#2909,#2910,#2911);
#2913=PLANE('',#2912);
#2914=ORIENTED_EDGE('',*,*,#2617,.F.);
#2915=CARTESIAN_POINT('',(-62.25,12.,15.607142857));
#2916=DIRECTION('',(-0.,-1.,-0.));
#2917=VECTOR('',#2916,5.5);
#2918=LINE('',#2915,#2917);
#2919=EDGE_CURVE('NONE',#2603,#1921,#2918,.T.);
#2920=ORIENTED_EDGE('',*,*,#2919,.T.);
#2921=ORIENTED_EDGE('',*,*,#1926,.T.);
#2922=ORIENTED_EDGE('',*,*,#2904,.T.);
#2923=EDGE_LOOP('',(#2914,#2920,#2921,#2922));
#2924=FACE_BOUND('',#2923,.T.);
#2925=ADVANCED_FACE('NONE',(#2924),#2913,.T.);
#2926=CARTESIAN_POINT('',(-64.25,-36.323037024,-0.));
#2927=DIRECTION('',(1.,0.,0.));
#2928=DIRECTION('',(-0.,1.,0.));
#2929=AXIS2_PLACEMENT_3D('',#2926,#2927,#2928);
#2930=PLANE('',#2929);
#2931=ORIENTED_EDGE('',*,*,#1943,.F.);
#2932=CARTESIAN_POINT('',(-64.25,6.5,13.607142857));
#2933=DIRECTION('',(-0.,1.,0.));
#2934=VECTOR('',#2933,5.5);
#2935=LINE('',#2932,#2934);
#2936=EDGE_CURVE('NONE',#1929,#2595,#2935,.T.);
#2937=ORIENTED_EDGE('',*,*,#2936,.T.);
#2938=ORIENTED_EDGE('',*,*,#2600,.T.);
#2939=CARTESIAN_POINT('',(-64.25,12.,12.071428571));
#2940=DIRECTION('',(0.,-1.,-0.));
#2941=VECTOR('',#2940,5.5);
#2942=LINE('',#2939,#2941);
#2943=EDGE_CURVE('NONE',#2586,#1938,#2942,.T.);
#2944=ORIENTED_EDGE('',*,*,#2943,.T.);
#2945=EDGE_LOOP('',(#2931,#2937,#2938,#2944));
#2946=FACE_BOUND('',#2945,.T.);
#2947=ADVANCED_FACE('NONE',(#2946),#2930,.F.);
#2948=CARTESIAN_POINT('',(-59.,-36.323037024,10.071428571));
#2949=DIRECTION('',(0.,0.,1.));
#2950=DIRECTION('',(1.,0.,0.));
#2951=AXIS2_PLACEMENT_3D('',#2948,#2949,#2950);
#2952=PLANE('',#2951);
#2953=ORIENTED_EDGE('',*,*,#1960,.F.);
#2954=CARTESIAN_POINT('',(-62.25,6.5,10.071428571));
#2955=DIRECTION('',(0.,1.,0.));
#2956=VECTOR('',#2955,5.5);
#2957=LINE('',#2954,#2956);
#2958=EDGE_CURVE('NONE',#1946,#2578,#2957,.T.);
#2959=ORIENTED_EDGE('',*,*,#2958,.T.);
#2960=ORIENTED_EDGE('',*,*,#2583,.T.);
#2961=CARTESIAN_POINT('',(-57.,6.5,10.071428571));
#2962=DIRECTION('',(-0.,1.,0.));
#2963=VECTOR('',#2962,5.5);
#2964=LINE('',#2961,#2963);
#2965=EDGE_CURVE('NONE',#1955,#2569,#2964,.T.);
#2966=ORIENTED_EDGE('',*,*,#2965,.F.);
#2967=EDGE_LOOP('',(#2953,#2959,#2960,#2966));
#2968=FACE_BOUND('',#2967,.T.);
#2969=ADVANCED_FACE('NONE',(#2968),#2952,.F.);
#2970=CARTESIAN_POINT('',(-57.,-36.323037024,9.196428571));
#2971=DIRECTION('',(-0.,1.,0.));
#2972=DIRECTION('',(-1.,-0.,0.));
#2973=AXIS2_PLACEMENT_3D('',#2970,#2971,#2972);
#2974=CYLINDRICAL_SURFACE('',#2973,0.875);
#2975=ORIENTED_EDGE('',*,*,#1969,.F.);
#2976=ORIENTED_EDGE('',*,*,#2965,.T.);
#2977=ORIENTED_EDGE('',*,*,#2575,.T.);
#2978=CARTESIAN_POINT('',(-57.,6.5,8.321428571));
#2979=DIRECTION('',(0.,1.,0.));
#2980=VECTOR('',#2979,5.5);
#2981=LINE('',#2978,#2980);
#2982=EDGE_CURVE('NONE',#1963,#2561,#2981,.T.);
#2983=ORIENTED_EDGE('',*,*,#2982,.F.);
#2984=EDGE_LOOP('',(#2975,#2976,#2977,#2983));
#2985=FACE_BOUND('',#2984,.T.);
#2986=ADVANCED_FACE('NONE',(#2985),#2974,.F.);
#2987=CARTESIAN_POINT('',(-59.,-36.323037024,8.321428571));
#2988=DIRECTION('',(0.,0.,1.));
#2989=DIRECTION('',(1.,0.,0.));
#2990=AXIS2_PLACEMENT_3D('',#2987,#2988,#2989);
#2991=PLANE('',#2990);
#2992=ORIENTED_EDGE('',*,*,#2566,.F.);
#2993=CARTESIAN_POINT('',(-62.25,12.,8.321428571));
#2994=DIRECTION('',(-0.,-1.,-0.));
#2995=VECTOR('',#2994,5.5);
#2996=LINE('',#2993,#2995);
#2997=EDGE_CURVE('NONE',#2552,#1972,#2996,.T.);
#2998=ORIENTED_EDGE('',*,*,#2997,.T.);
#2999=ORIENTED_EDGE('',*,*,#1977,.T.);
#3000=ORIENTED_EDGE('',*,*,#2982,.T.);
#3001=EDGE_LOOP('',(#2992,#2998,#2999,#3000));
#3002=FACE_BOUND('',#3001,.T.);
#3003=ADVANCED_FACE('NONE',(#3002),#2991,.T.);
#3004=CARTESIAN_POINT('',(-64.25,-36.323037024,-0.));
#3005=DIRECTION('',(1.,0.,0.));
#3006=DIRECTION('',(-0.,1.,0.));
#3007=AXIS2_PLACEMENT_3D('',#3004,#3005,#3006);
#3008=PLANE('',#3007);
#3009=ORIENTED_EDGE('',*,*,#1994,.F.);
#3010=CARTESIAN_POINT('',(-64.25,6.5,6.321428571));
#3011=DIRECTION('',(-0.,1.,0.));
#3012=VECTOR('',#3011,5.5);
#3013=LINE('',#3010,#3012);
#3014=EDGE_CURVE('NONE',#1980,#2544,#3013,.T.);
#3015=ORIENTED_EDGE('',*,*,#3014,.T.);
#3016=ORIENTED_EDGE('',*,*,#2549,.T.);
#3017=CARTESIAN_POINT('',(-64.25,12.,4.785714286));
#3018=DIRECTION('',(0.,-1.,-0.));
#3019=VECTOR('',#3018,5.5);
#3020=LINE('',#3017,#3019);
#3021=EDGE_CURVE('NONE',#2535,#1989,#3020,.T.);
#3022=ORIENTED_EDGE('',*,*,#3021,.T.);
#3023=EDGE_LOOP('',(#3009,#3015,#3016,#3022));
#3024=FACE_BOUND('',#3023,.T.);
#3025=ADVANCED_FACE('NONE',(#3024),#3008,.F.);
#3026=CARTESIAN_POINT('',(-59.,-36.323037024,2.785714286));
#3027=DIRECTION('',(0.,0.,1.));
#3028=DIRECTION('',(1.,0.,0.));
#3029=AXIS2_PLACEMENT_3D('',#3026,#3027,#3028);
#3030=PLANE('',#3029);
#3031=ORIENTED_EDGE('',*,*,#2011,.F.);
#3032=CARTESIAN_POINT('',(-62.25,6.5,2.785714286));
#3033=DIRECTION('',(0.,1.,0.));
#3034=VECTOR('',#3033,5.5);
#3035=LINE('',#3032,#3034);
#3036=EDGE_CURVE('NONE',#1997,#2527,#3035,.T.);
#3037=ORIENTED_EDGE('',*,*,#3036,.T.);
#3038=ORIENTED_EDGE('',*,*,#2532,.T.);
#3039=CARTESIAN_POINT('',(-57.,6.5,2.785714286));
#3040=DIRECTION('',(-0.,1.,0.));
#3041=VECTOR('',#3040,5.5);
#3042=LINE('',#3039,#3041);
#3043=EDGE_CURVE('NONE',#2006,#2518,#3042,.T.);
#3044=ORIENTED_EDGE('',*,*,#3043,.F.);
#3045=EDGE_LOOP('',(#3031,#3037,#3038,#3044));
#3046=FACE_BOUND('',#3045,.T.);
#3047=ADVANCED_FACE('NONE',(#3046),#3030,.F.);
#3048=CARTESIAN_POINT('',(-57.,-36.323037024,1.910714286));
#3049=DIRECTION('',(-0.,1.,0.));
#3050=DIRECTION('',(-1.,-0.,0.));
#3051=AXIS2_PLACEMENT_3D('',#3048,#3049,#3050);
#3052=CYLINDRICAL_SURFACE('',#3051,0.875);
#3053=ORIENTED_EDGE('',*,*,#2020,.F.);
#3054=ORIENTED_EDGE('',*,*,#3043,.T.);
#3055=ORIENTED_EDGE('',*,*,#2524,.T.);
#3056=CARTESIAN_POINT('',(-57.,6.5,1.035714286));
#3057=DIRECTION('',(0.,1.,0.));
#3058=VECTOR('',#3057,5.5);
#3059=LINE('',#3056,#3058);
#3060=EDGE_CURVE('NONE',#2014,#2510,#3059,.T.);
#3061=ORIENTED_EDGE('',*,*,#3060,.F.);
#3062=EDGE_LOOP('',(#3053,#3054,#3055,#3061));
#3063=FACE_BOUND('',#3062,.T.);
#3064=ADVANCED_FACE('NONE',(#3063),#3052,.F.);
#3065=CARTESIAN_POINT('',(-59.,-36.323037024,1.035714286));
#3066=DIRECTION('',(0.,0.,1.));
#3067=DIRECTION('',(1.,0.,0.));
#3068=AXIS2_PLACEMENT_3D('',#3065,#3066,#3067);
#3069=PLANE('',#3068);
#3070=ORIENTED_EDGE('',*,*,#2515,.F.);
#3071=CARTESIAN_POINT('',(-62.25,12.,1.035714286));
#3072=DIRECTION('',(-0.,-1.,-0.));
#3073=VECTOR('',#3072,5.5);
#3074=LINE('',#3071,#3073);
#3075=EDGE_CURVE('NONE',#2501,#2023,#3074,.T.);
#3076=ORIENTED_EDGE('',*,*,#3075,.T.);
#3077=ORIENTED_EDGE('',*,*,#2028,.T.);
#3078=ORIENTED_EDGE('',*,*,#3060,.T.);
#3079=EDGE_LOOP('',(#3070,#3076,#3077,#3078));
#3080=FACE_BOUND('',#3079,.T.);
#3081=ADVANCED_FACE('NONE',(#3080),#3069,.T.);
#3082=CARTESIAN_POINT('',(-64.25,-36.323037024,-0.));
#3083=DIRECTION('',(1.,0.,0.));
#3084=DIRECTION('',(-0.,1.,0.));
#3085=AXIS2_PLACEMENT_3D('',#3082,#3083,#3084);
#3086=PLANE('',#3085);
#3087=ORIENTED_EDGE('',*,*,#2045,.F.);
#3088=CARTESIAN_POINT('',(-64.25,6.5,-0.964285714));
#3089=DIRECTION('',(-0.,1.,0.));
#3090=VECTOR('',#3089,5.5);
#3091=LINE('',#3088,#3090);
#3092=EDGE_CURVE('NONE',#2031,#2493,#3091,.T.);
#3093=ORIENTED_EDGE('',*,*,#3092,.T.);
#3094=ORIENTED_EDGE('',*,*,#2498,.T.);
#3095=CARTESIAN_POINT('',(-64.25,12.,-2.5));
#3096=DIRECTION('',(0.,-1.,-0.));
#3097=VECTOR('',#3096,5.5);
#3098=LINE('',#3095,#3097);
#3099=EDGE_CURVE('NONE',#2484,#2040,#3098,.T.);
#3100=ORIENTED_EDGE('',*,*,#3099,.T.);
#3101=EDGE_LOOP('',(#3087,#3093,#3094,#3100));
#3102=FACE_BOUND('',#3101,.T.);
#3103=ADVANCED_FACE('NONE',(#3102),#3086,.F.);
#3104=CARTESIAN_POINT('',(-59.,-36.323037024,-4.5));
#3105=DIRECTION('',(-0.,-0.,1.));
#3106=DIRECTION('',(1.,0.,0.));
#3107=AXIS2_PLACEMENT_3D('',#3104,#3105,#3106);
#3108=PLANE('',#3107);
#3109=ORIENTED_EDGE('',*,*,#2062,.F.);
#3110=CARTESIAN_POINT('',(-62.25,6.5,-4.5));
#3111=DIRECTION('',(-0.,1.,0.));
#3112=VECTOR('',#3111,5.5);
#3113=LINE('',#3110,#3112);
#3114=EDGE_CURVE('NONE',#2048,#2476,#3113,.T.);
#3115=ORIENTED_EDGE('',*,*,#3114,.T.);
#3116=ORIENTED_EDGE('',*,*,#2481,.T.);
#3117=CARTESIAN_POINT('',(-57.,6.5,-4.5));
#3118=DIRECTION('',(-0.,1.,0.));
#3119=VECTOR('',#3118,5.5);
#3120=LINE('',#3117,#3119);
#3121=EDGE_CURVE('NONE',#2057,#2467,#3120,.T.);
#3122=ORIENTED_EDGE('',*,*,#3121,.F.);
#3123=EDGE_LOOP('',(#3109,#3115,#3116,#3122));
#3124=FACE_BOUND('',#3123,.T.);
#3125=ADVANCED_FACE('NONE',(#3124),#3108,.F.);
#3126=CARTESIAN_POINT('',(-57.,-36.323037024,-5.375));
#3127=DIRECTION('',(-0.,1.,0.));
#3128=DIRECTION('',(-1.,-0.,0.));
#3129=AXIS2_PLACEMENT_3D('',#3126,#3127,#3128);
#3130=CYLINDRICAL_SURFACE('',#3129,0.875);
#3131=ORIENTED_EDGE('',*,*,#2071,.F.);
#3132=ORIENTED_EDGE('',*,*,#3121,.T.);
#3133=ORIENTED_EDGE('',*,*,#2473,.T.);
#3134=CARTESIAN_POINT('',(-57.,6.5,-6.25));
#3135=DIRECTION('',(-0.,1.,0.));
#3136=VECTOR('',#3135,5.5);
#3137=LINE('',#3134,#3136);
#3138=EDGE_CURVE('NONE',#2065,#2459,#3137,.T.);
#3139=ORIENTED_EDGE('',*,*,#3138,.F.);
#3140=EDGE_LOOP('',(#3131,#3132,#3133,#3139));
#3141=FACE_BOUND('',#3140,.T.);
#3142=ADVANCED_FACE('NONE',(#3141),#3130,.F.);
#3143=CARTESIAN_POINT('',(-59.,-36.323037024,-6.25));
#3144=DIRECTION('',(0.,0.,-1.));
#3145=DIRECTION('',(-1.,0.,-0.));
#3146=AXIS2_PLACEMENT_3D('',#3143,#3144,#3145);
#3147=PLANE('',#3146);
#3148=ORIENTED_EDGE('',*,*,#2079,.F.);
#3149=ORIENTED_EDGE('',*,*,#3138,.T.);
#3150=ORIENTED_EDGE('',*,*,#2464,.T.);
#3151=CARTESIAN_POINT('',(-64.75,6.5,-6.25));
#3152=DIRECTION('',(0.,1.,0.));
#3153=VECTOR('',#3152,5.5);
#3154=LINE('',#3151,#3153);
#3155=EDGE_CURVE('NONE',#2074,#2451,#3154,.T.);
#3156=ORIENTED_EDGE('',*,*,#3155,.F.);
#3157=EDGE_LOOP('',(#3148,#3149,#3150,#3156));
#3158=FACE_BOUND('',#3157,.T.);
#3159=ADVANCED_FACE('NONE',(#3158),#3147,.F.);
#3160=CARTESIAN_POINT('',(-59.,-36.323037024,-6.25));
#3161=DIRECTION('',(0.,0.,1.));
#3162=DIRECTION('',(1.,0.,0.));
#3163=AXIS2_PLACEMENT_3D('',#3160,#3161,#3162);
#3164=PLANE('',#3163);
#3165=CARTESIAN_POINT('',(-54.,6.5,-6.25));
#3166=DIRECTION('',(-0.,1.,0.));
#3167=VECTOR('',#3166,5.5);
#3168=LINE('',#3165,#3167);
#3169=EDGE_CURVE('NONE',#1688,#2419,#3168,.T.);
#3170=ORIENTED_EDGE('',*,*,#3169,.F.);
#3171=ORIENTED_EDGE('',*,*,#1693,.T.);
#3172=ORIENTED_EDGE('',*,*,#2698,.T.);
#3173=ORIENTED_EDGE('',*,*,#2432,.F.);
#3174=EDGE_LOOP('',(#3170,#3171,#3172,#3173));
#3175=FACE_BOUND('',#3174,.T.);
#3176=ADVANCED_FACE('NONE',(#3175),#3164,.T.);
#3177=CARTESIAN_POINT('',(-54.,-36.323037024,0.));
#3178=DIRECTION('',(1.,0.,0.));
#3179=DIRECTION('',(-0.,1.,0.));
#3180=AXIS2_PLACEMENT_3D('',#3177,#3178,#3179);
#3181=PLANE('',#3180);
#3182=ORIENTED_EDGE('',*,*,#2424,.F.);
#3183=CARTESIAN_POINT('',(-54.,12.,-4.607142857));
#3184=DIRECTION('',(0.,-1.,-0.));
#3185=VECTOR('',#3184,5.5);
#3186=LINE('',#3183,#3185);
#3187=EDGE_CURVE('NONE',#2410,#1696,#3186,.T.);
#3188=ORIENTED_EDGE('',*,*,#3187,.T.);
#3189=ORIENTED_EDGE('',*,*,#1701,.T.);
#3190=ORIENTED_EDGE('',*,*,#3169,.T.);
#3191=EDGE_LOOP('',(#3182,#3188,#3189,#3190));
#3192=FACE_BOUND('',#3191,.T.);
#3193=ADVANCED_FACE('NONE',(#3192),#3181,.T.);
#3194=CARTESIAN_POINT('',(-59.,-36.323037024,-2.607142857));
#3195=DIRECTION('',(-0.,-0.,-1.));
#3196=DIRECTION('',(-1.,0.,0.));
#3197=AXIS2_PLACEMENT_3D('',#3194,#3195,#3196);
#3198=PLANE('',#3197);
#3199=ORIENTED_EDGE('',*,*,#1718,.F.);
#3200=CARTESIAN_POINT('',(-56.,6.5,-2.607142857));
#3201=DIRECTION('',(-0.,1.,-0.));
#3202=VECTOR('',#3201,5.5);
#3203=LINE('',#3200,#3202);
#3204=EDGE_CURVE('NONE',#1704,#2402,#3203,.T.);
#3205=ORIENTED_EDGE('',*,*,#3204,.T.);
#3206=ORIENTED_EDGE('',*,*,#2407,.T.);
#3207=CARTESIAN_POINT('',(-61.25,6.5,-2.607142857));
#3208=DIRECTION('',(-0.,1.,0.));
#3209=VECTOR('',#3208,5.5);
#3210=LINE('',#3207,#3209);
#3211=EDGE_CURVE('NONE',#1713,#2393,#3210,.T.);
#3212=ORIENTED_EDGE('',*,*,#3211,.F.);
#3213=EDGE_LOOP('',(#3199,#3205,#3206,#3212));
#3214=FACE_BOUND('',#3213,.T.);
#3215=ADVANCED_FACE('NONE',(#3214),#3198,.F.);
#3216=CARTESIAN_POINT('',(-59.,-36.323037024,-0.857142857));
#3217=DIRECTION('',(0.,0.,-1.));
#3218=DIRECTION('',(-1.,0.,-0.));
#3219=AXIS2_PLACEMENT_3D('',#3216,#3217,#3218);
#3220=PLANE('',#3219);
#3221=ORIENTED_EDGE('',*,*,#2389,.F.);
#3222=CARTESIAN_POINT('',(-56.,12.,-0.857142857));
#3223=DIRECTION('',(0.,-1.,-0.));
#3224=VECTOR('',#3223,5.5);
#3225=LINE('',#3222,#3224);
#3226=EDGE_CURVE('NONE',#2377,#1729,#3225,.T.);
#3227=ORIENTED_EDGE('',*,*,#3226,.T.);
#3228=ORIENTED_EDGE('',*,*,#1734,.T.);
#3229=ORIENTED_EDGE('',*,*,#894,.T.);
#3230=EDGE_LOOP('',(#3221,#3227,#3228,#3229));
#3231=FACE_BOUND('',#3230,.T.);
#3232=ADVANCED_FACE('NONE',(#3231),#3220,.T.);
#3233=CARTESIAN_POINT('',(-54.,-36.323037024,0.));
#3234=DIRECTION('',(1.,0.,0.));
#3235=DIRECTION('',(-0.,1.,0.));
#3236=AXIS2_PLACEMENT_3D('',#3233,#3234,#3235);
#3237=PLANE('',#3236);
#3238=ORIENTED_EDGE('',*,*,#2374,.F.);
#3239=CARTESIAN_POINT('',(-54.,12.,2.678571429));
#3240=DIRECTION('',(0.,-1.,-0.));
#3241=VECTOR('',#3240,5.5);
#3242=LINE('',#3239,#3241);
#3243=EDGE_CURVE('NONE',#2360,#1746,#3242,.T.);
#3244=ORIENTED_EDGE('',*,*,#3243,.T.);
#3245=ORIENTED_EDGE('',*,*,#1751,.T.);
#3246=CARTESIAN_POINT('',(-54.,6.5,1.142857143));
#3247=DIRECTION('',(-0.,1.,0.));
#3248=VECTOR('',#3247,5.5);
#3249=LINE('',#3246,#3248);
#3250=EDGE_CURVE('NONE',#1737,#2369,#3249,.T.);
#3251=ORIENTED_EDGE('',*,*,#3250,.T.);
#3252=EDGE_LOOP('',(#3238,#3244,#3245,#3251));
#3253=FACE_BOUND('',#3252,.T.);
#3254=ADVANCED_FACE('NONE',(#3253),#3237,.T.);
#3255=CARTESIAN_POINT('',(-59.,-36.323037024,4.678571429));
#3256=DIRECTION('',(0.,0.,-1.));
#3257=DIRECTION('',(-1.,0.,-0.));
#3258=AXIS2_PLACEMENT_3D('',#3255,#3256,#3257);
#3259=PLANE('',#3258);
#3260=ORIENTED_EDGE('',*,*,#1768,.F.);
#3261=CARTESIAN_POINT('',(-56.,6.5,4.678571429));
#3262=DIRECTION('',(-0.,1.,0.));
#3263=VECTOR('',#3262,5.5);
#3264=LINE('',#3261,#3263);
#3265=EDGE_CURVE('NONE',#1754,#2352,#3264,.T.);
#3266=ORIENTED_EDGE('',*,*,#3265,.T.);
#3267=ORIENTED_EDGE('',*,*,#2357,.T.);
#3268=CARTESIAN_POINT('',(-61.25,6.5,4.678571429));
#3269=DIRECTION('',(-0.,1.,0.));
#3270=VECTOR('',#3269,5.5);
#3271=LINE('',#3268,#3270);
#3272=EDGE_CURVE('NONE',#1763,#2343,#3271,.T.);
#3273=ORIENTED_EDGE('',*,*,#3272,.F.);
#3274=EDGE_LOOP('',(#3260,#3266,#3267,#3273));
#3275=FACE_BOUND('',#3274,.T.);
#3276=ADVANCED_FACE('NONE',(#3275),#3259,.F.);
#3277=CARTESIAN_POINT('',(-59.,-36.323037024,6.428571429));
#3278=DIRECTION('',(-0.,-0.,-1.));
#3279=DIRECTION('',(-1.,0.,0.));
#3280=AXIS2_PLACEMENT_3D('',#3277,#3278,#3279);
#3281=PLANE('',#3280);
#3282=ORIENTED_EDGE('',*,*,#2339,.F.);
#3283=CARTESIAN_POINT('',(-56.,12.,6.428571429));
#3284=DIRECTION('',(0.,-1.,0.));
#3285=VECTOR('',#3284,5.5);
#3286=LINE('',#3283,#3285);
#3287=EDGE_CURVE('NONE',#2327,#1779,#3286,.T.);
#3288=ORIENTED_EDGE('',*,*,#3287,.T.);
#3289=ORIENTED_EDGE('',*,*,#1784,.T.);
#3290=ORIENTED_EDGE('',*,*,#852,.T.);
#3291=EDGE_LOOP('',(#3282,#3288,#3289,#3290));
#3292=FACE_BOUND('',#3291,.T.);
#3293=ADVANCED_FACE('NONE',(#3292),#3281,.T.);
#3294=CARTESIAN_POINT('',(-54.,-36.323037024,0.));
#3295=DIRECTION('',(1.,0.,0.));
#3296=DIRECTION('',(-0.,1.,0.));
#3297=AXIS2_PLACEMENT_3D('',#3294,#3295,#3296);
#3298=PLANE('',#3297);
#3299=ORIENTED_EDGE('',*,*,#2324,.F.);
#3300=CARTESIAN_POINT('',(-54.,12.,9.964285714));
#3301=DIRECTION('',(0.,-1.,-0.));
#3302=VECTOR('',#3301,5.5);
#3303=LINE('',#3300,#3302);
#3304=EDGE_CURVE('NONE',#2310,#1796,#3303,.T.);
#3305=ORIENTED_EDGE('',*,*,#3304,.T.);
#3306=ORIENTED_EDGE('',*,*,#1801,.T.);
#3307=CARTESIAN_POINT('',(-54.,6.5,8.428571429));
#3308=DIRECTION('',(-0.,1.,0.));
#3309=VECTOR('',#3308,5.5);
#3310=LINE('',#3307,#3309);
#3311=EDGE_CURVE('NONE',#1787,#2319,#3310,.T.);
#3312=ORIENTED_EDGE('',*,*,#3311,.T.);
#3313=EDGE_LOOP('',(#3299,#3305,#3306,#3312));
#3314=FACE_BOUND('',#3313,.T.);
#3315=ADVANCED_FACE('NONE',(#3314),#3298,.T.);
#3316=CARTESIAN_POINT('',(-59.,-36.323037024,11.964285714));
#3317=DIRECTION('',(0.,0.,-1.));
#3318=DIRECTION('',(-1.,0.,0.));
#3319=AXIS2_PLACEMENT_3D('',#3316,#3317,#3318);
#3320=PLANE('',#3319);
#3321=ORIENTED_EDGE('',*,*,#1818,.F.);
#3322=CARTESIAN_POINT('',(-56.,6.5,11.964285714));
#3323=DIRECTION('',(0.,1.,0.));
#3324=VECTOR('',#3323,5.5);
#3325=LINE('',#3322,#3324);
#3326=EDGE_CURVE('NONE',#1804,#2302,#3325,.T.);
#3327=ORIENTED_EDGE('',*,*,#3326,.T.);
#3328=ORIENTED_EDGE('',*,*,#2307,.T.);
#3329=CARTESIAN_POINT('',(-61.25,6.5,11.964285714));
#3330=DIRECTION('',(-0.,1.,0.));
#3331=VECTOR('',#3330,5.5);
#3332=LINE('',#3329,#3331);
#3333=EDGE_CURVE('NONE',#1813,#2293,#3332,.T.);
#3334=ORIENTED_EDGE('',*,*,#3333,.F.);
#3335=EDGE_LOOP('',(#3321,#3327,#3328,#3334));
#3336=FACE_BOUND('',#3335,.T.);
#3337=ADVANCED_FACE('NONE',(#3336),#3320,.F.);
#3338=CARTESIAN_POINT('',(-59.,-36.323037024,13.714285714));
#3339=DIRECTION('',(0.,0.,-1.));
#3340=DIRECTION('',(-1.,0.,0.));
#3341=AXIS2_PLACEMENT_3D('',#3338,#3339,#3340);
#3342=PLANE('',#3341);
#3343=ORIENTED_EDGE('',*,*,#2289,.F.);
#3344=CARTESIAN_POINT('',(-56.,12.,13.714285714));
#3345=DIRECTION('',(-0.,-1.,-0.));
#3346=VECTOR('',#3345,5.5);
#3347=LINE('',#3344,#3346);
#3348=EDGE_CURVE('NONE',#2277,#1829,#3347,.T.);
#3349=ORIENTED_EDGE('',*,*,#3348,.T.);
#3350=ORIENTED_EDGE('',*,*,#1834,.T.);
#3351=ORIENTED_EDGE('',*,*,#810,.T.);
#3352=EDGE_LOOP('',(#3343,#3349,#3350,#3351));
#3353=FACE_BOUND('',#3352,.T.);
#3354=ADVANCED_FACE('NONE',(#3353),#3342,.T.);
#3355=CARTESIAN_POINT('',(-54.,-36.323037024,0.));
#3356=DIRECTION('',(1.,0.,0.));
#3357=DIRECTION('',(-0.,1.,0.));
#3358=AXIS2_PLACEMENT_3D('',#3355,#3356,#3357);
#3359=PLANE('',#3358);
#3360=ORIENTED_EDGE('',*,*,#1851,.T.);
#3361=CARTESIAN_POINT('',(-54.,6.5,15.714285714));
#3362=DIRECTION('',(-0.,1.,0.));
#3363=VECTOR('',#3362,5.5);
#3364=LINE('',#3361,#3363);
#3365=EDGE_CURVE('NONE',#1837,#2269,#3364,.T.);
#3366=ORIENTED_EDGE('',*,*,#3365,.T.);
#3367=ORIENTED_EDGE('',*,*,#2274,.F.);
#3368=CARTESIAN_POINT('',(-54.,12.,17.25));
#3369=DIRECTION('',(0.,-1.,-0.));
#3370=VECTOR('',#3369,5.5);
#3371=LINE('',#3368,#3370);
#3372=EDGE_CURVE('NONE',#2260,#1846,#3371,.T.);
#3373=ORIENTED_EDGE('',*,*,#3372,.T.);
#3374=EDGE_LOOP('',(#3360,#3366,#3367,#3373));
#3375=FACE_BOUND('',#3374,.T.);
#3376=ADVANCED_FACE('NONE',(#3375),#3359,.T.);
#3377=CARTESIAN_POINT('',(-59.,-36.323037024,19.25));
#3378=DIRECTION('',(0.,0.,-1.));
#3379=DIRECTION('',(-1.,0.,0.));
#3380=AXIS2_PLACEMENT_3D('',#3377,#3378,#3379);
#3381=PLANE('',#3380);
#3382=ORIENTED_EDGE('',*,*,#1868,.F.);
#3383=CARTESIAN_POINT('',(-56.,6.5,19.25));
#3384=DIRECTION('',(0.,1.,0.));
#3385=VECTOR('',#3384,5.5);
#3386=LINE('',#3383,#3385);
#3387=EDGE_CURVE('NONE',#1854,#2252,#3386,.T.);
#3388=ORIENTED_EDGE('',*,*,#3387,.T.);
#3389=ORIENTED_EDGE('',*,*,#2257,.T.);
#3390=CARTESIAN_POINT('',(-61.25,6.5,19.25));
#3391=DIRECTION('',(-0.,1.,0.));
#3392=VECTOR('',#3391,5.5);
#3393=LINE('',#3390,#3392);
#3394=EDGE_CURVE('NONE',#1863,#2243,#3393,.T.);
#3395=ORIENTED_EDGE('',*,*,#3394,.F.);
#3396=EDGE_LOOP('',(#3382,#3388,#3389,#3395));
#3397=FACE_BOUND('',#3396,.T.);
#3398=ADVANCED_FACE('NONE',(#3397),#3381,.F.);
#3399=CARTESIAN_POINT('',(-59.,-36.323037024,21.));
#3400=DIRECTION('',(0.,0.,-1.));
#3401=DIRECTION('',(-1.,0.,0.));
#3402=AXIS2_PLACEMENT_3D('',#3399,#3400,#3401);
#3403=PLANE('',#3402);
#3404=ORIENTED_EDGE('',*,*,#1884,.F.);
#3405=ORIENTED_EDGE('',*,*,#768,.T.);
#3406=ORIENTED_EDGE('',*,*,#2239,.F.);
#3407=CARTESIAN_POINT('',(-53.75,2.,21.));
#3408=VERTEX_POINT('',#3407);
#3409=CARTESIAN_POINT('',(-53.75,2.,21.));
#3410=DIRECTION('',(-0.,1.,0.));
#3411=VECTOR('',#3410,10.);
#3412=LINE('',#3409,#3411);
#3413=EDGE_CURVE('NONE',#3408,#2228,#3412,.T.);
#3414=ORIENTED_EDGE('',*,*,#3413,.F.);
#3415=CARTESIAN_POINT('',(-53.75,2.,21.));
#3416=DIRECTION('',(-1.,0.,0.));
#3417=VECTOR('',#3416,10.5);
#3418=LINE('',#3415,#3417);
#3419=EDGE_CURVE('NONE',#3408,#2838,#3418,.T.);
#3420=ORIENTED_EDGE('',*,*,#3419,.T.);
#3421=ORIENTED_EDGE('',*,*,#2843,.F.);
#3422=EDGE_LOOP('',(#3404,#3405,#3406,#3414,#3420,#3421));
#3423=FACE_BOUND('',#3422,.T.);
#3424=ADVANCED_FACE('NONE',(#3423),#3403,.T.);
#3425=CARTESIAN_POINT('',(-68.5,12.,52.707037384));
#3426=DIRECTION('',(-0.707106781,0.707106781,0.));
#3427=DIRECTION('',(-0.707106781,-0.707106781,0.));
#3428=AXIS2_PLACEMENT_3D('',#3425,#3426,#3427);
#3429=PLANE('',#3428);
#3430=ORIENTED_EDGE('',*,*,#2811,.F.);
#3431=ORIENTED_EDGE('',*,*,#447,.T.);
#3432=CARTESIAN_POINT('',(-71.146446609,9.353553391,46.));
#3433=DIRECTION('',(0.707106781,0.707106781,-0.));
#3434=VECTOR('',#3433,3.742640687);
#3435=LINE('',#3432,#3434);
#3436=EDGE_CURVE('NONE',#433,#2672,#3435,.T.);
#3437=ORIENTED_EDGE('',*,*,#3436,.T.);
#3438=ORIENTED_EDGE('',*,*,#2677,.T.);
#3439=EDGE_LOOP('',(#3430,#3431,#3437,#3438));
#3440=FACE_BOUND('',#3439,.T.);
#3441=ADVANCED_FACE('NONE',(#3440),#3429,.T.);
#3442=CARTESIAN_POINT('',(-71.5,9.,52.707037384));
#3443=DIRECTION('',(-0.707106781,-0.707106781,0.));
#3444=DIRECTION('',(0.707106781,-0.707106781,0.));
#3445=AXIS2_PLACEMENT_3D('',#3442,#3443,#3444);
#3446=PLANE('',#3445);
#3447=CARTESIAN_POINT('',(-71.146446609,8.646446609,46.));
#3448=VERTEX_POINT('',#3447);
#3449=CARTESIAN_POINT('',(-69.,6.5,46.));
#3450=DIRECTION('',(-0.707106781,0.707106781,-0.));
#3451=VECTOR('',#3450,3.035533906);
#3452=LINE('',#3449,#3451);
#3453=EDGE_CURVE('NONE',#1607,#3448,#3452,.T.);
#3454=ORIENTED_EDGE('',*,*,#3453,.T.);
#3455=CARTESIAN_POINT('',(-71.146446609,8.646446609,46.));
#3456=DIRECTION('',(-0.,-0.,-1.));
#3457=VECTOR('',#3456,58.25);
#3458=LINE('',#3455,#3457);
#3459=EDGE_CURVE('NONE',#3448,#2792,#3458,.T.);
#3460=ORIENTED_EDGE('',*,*,#3459,.T.);
#3461=ORIENTED_EDGE('',*,*,#2797,.F.);
#3462=ORIENTED_EDGE('',*,*,#2103,.F.);
#3463=CARTESIAN_POINT('',(-69.,6.5,23.5));
#3464=DIRECTION('',(-0.,-0.,-1.));
#3465=VECTOR('',#3464,6.);
#3466=LINE('',#3463,#3465);
#3467=EDGE_CURVE('NONE',#1616,#2090,#3466,.T.);
#3468=ORIENTED_EDGE('',*,*,#3467,.F.);
#3469=ORIENTED_EDGE('',*,*,#1621,.F.);
#3470=EDGE_LOOP('',(#3454,#3460,#3461,#3462,#3468,#3469));
#3471=FACE_BOUND('',#3470,.T.);
#3472=ADVANCED_FACE('NONE',(#3471),#3446,.T.);
#3473=CARTESIAN_POINT('',(-64.75,6.5,52.707037384));
#3474=DIRECTION('',(1.,0.,0.));
#3475=DIRECTION('',(0.,0.,-1.));
#3476=AXIS2_PLACEMENT_3D('',#3473,#3474,#3475);
#3477=PLANE('',#3476);
#3478=ORIENTED_EDGE('',*,*,#1637,.T.);
#3479=CARTESIAN_POINT('',(-64.75,-0.,23.5));
#3480=VERTEX_POINT('',#3479);
#3481=CARTESIAN_POINT('',(-64.75,-0.,23.5));
#3482=DIRECTION('',(0.,1.,0.));
#3483=VECTOR('',#3482,6.5);
#3484=LINE('',#3481,#3483);
#3485=EDGE_CURVE('NONE',#3480,#1624,#3484,.T.);
#3486=ORIENTED_EDGE('',*,*,#3485,.F.);
#3487=CARTESIAN_POINT('',(-64.75,0.,18.896727301));
#3488=VERTEX_POINT('',#3487);
#3489=CARTESIAN_POINT('',(-64.75,0.,18.896727301));
#3490=DIRECTION('',(0.,-0.,1.));
#3491=VECTOR('',#3490,4.603272699);
#3492=LINE('',#3489,#3491);
#3493=EDGE_CURVE('NONE',#3488,#3480,#3492,.T.);
#3494=ORIENTED_EDGE('',*,*,#3493,.F.);
#3495=CARTESIAN_POINT('',(-64.75,1.,17.164676493));
#3496=VERTEX_POINT('',#3495);
#3497=CARTESIAN_POINT('',(-64.75,2.,18.896727301));
#3498=DIRECTION('',(-1.,-0.,-0.));
#3499=DIRECTION('',(0.,0.,-1.));
#3500=AXIS2_PLACEMENT_3D('',#3497,#3498,#3499);
#3501=CIRCLE('',#3500,2.);
#3502=EDGE_CURVE('NONE',#3496,#3488,#3501,.T.);
#3503=ORIENTED_EDGE('',*,*,#3502,.F.);
#3504=CARTESIAN_POINT('',(-64.75,3.79678796,15.549950211));
#3505=VERTEX_POINT('',#3504);
#3506=CARTESIAN_POINT('',(-64.75,3.79678796,15.549950211));
#3507=DIRECTION('',(0.,-0.866025404,0.5));
#3508=VECTOR('',#3507,3.229452564);
#3509=LINE('',#3506,#3508);
#3510=EDGE_CURVE('NONE',#3505,#3496,#3509,.T.);
#3511=ORIENTED_EDGE('',*,*,#3510,.F.);
#3512=CARTESIAN_POINT('',(-64.75,4.04678796,15.982962913));
#3513=DIRECTION('',(-1.,-0.,-0.));
#3514=DIRECTION('',(0.,0.,-1.));
#3515=AXIS2_PLACEMENT_3D('',#3512,#3513,#3514);
#3516=CIRCLE('',#3515,0.5);
#3517=EDGE_CURVE('NONE',#702,#3505,#3516,.T.);
#3518=ORIENTED_EDGE('',*,*,#3517,.F.);
#3519=ORIENTED_EDGE('',*,*,#733,.F.);
#3520=CARTESIAN_POINT('',(-64.75,5.5,17.5));
#3521=VERTEX_POINT('',#3520);
#3522=CARTESIAN_POINT('',(-64.75,5.5,17.5));
#3523=DIRECTION('',(0.,-0.5,-0.866025404));
#3524=VECTOR('',#3523,2.040398676);
#3525=LINE('',#3522,#3524);
#3526=EDGE_CURVE('NONE',#3521,#721,#3525,.T.);
#3527=ORIENTED_EDGE('',*,*,#3526,.F.);
#3528=CARTESIAN_POINT('',(-64.75,6.5,17.5));
#3529=DIRECTION('',(-0.,-1.,-0.));
#3530=VECTOR('',#3529,1.);
#3531=LINE('',#3528,#3530);
#3532=EDGE_CURVE('NONE',#2082,#3521,#3531,.T.);
#3533=ORIENTED_EDGE('',*,*,#3532,.F.);
#3534=ORIENTED_EDGE('',*,*,#2087,.T.);
#3535=ORIENTED_EDGE('',*,*,#3155,.T.);
#3536=ORIENTED_EDGE('',*,*,#2456,.F.);
#3537=CARTESIAN_POINT('',(-64.75,9.,43.));
#3538=VERTEX_POINT('',#3537);
#3539=CARTESIAN_POINT('',(-64.75,12.,44.091910703));
#3540=DIRECTION('',(0.,-0.939692621,-0.342020143));
#3541=VECTOR('',#3540,3.192533317);
#3542=LINE('',#3539,#3541);
#3543=EDGE_CURVE('NONE',#2443,#3538,#3542,.T.);
#3544=ORIENTED_EDGE('',*,*,#3543,.T.);
#3545=CARTESIAN_POINT('',(-64.75,6.5,43.));
#3546=DIRECTION('',(0.,1.,0.));
#3547=VECTOR('',#3546,2.5);
#3548=LINE('',#3545,#3547);
#3549=EDGE_CURVE('NONE',#1632,#3538,#3548,.T.);
#3550=ORIENTED_EDGE('',*,*,#3549,.F.);
#3551=EDGE_LOOP('',(#3478,#3486,#3494,#3503,#3511,#3518,#3519,#3527,#3533,#3534,#3535,#3536,#3544,#3550));
#3552=FACE_BOUND('',#3551,.T.);
#3553=ADVANCED_FACE('NONE',(#3552),#3477,.T.);
#3554=CARTESIAN_POINT('',(-68.5,5.5,-13.));
#3555=DIRECTION('',(0.,-1.,0.));
#3556=DIRECTION('',(0.,0.,-1.));
#3557=AXIS2_PLACEMENT_3D('',#3554,#3555,#3556);
#3558=PLANE('',#3557);
#3559=ORIENTED_EDGE('',*,*,#2865,.F.);
#3560=CARTESIAN_POINT('',(-68.5,5.5,29.));
#3561=VERTEX_POINT('',#3560);
#3562=CARTESIAN_POINT('',(-64.25,5.5,29.));
#3563=DIRECTION('',(-1.,-0.,0.));
#3564=VECTOR('',#3563,4.25);
#3565=LINE('',#3562,#3564);
#3566=EDGE_CURVE('NONE',#2854,#3561,#3565,.T.);
#3567=ORIENTED_EDGE('',*,*,#3566,.T.);
#3568=CARTESIAN_POINT('',(-68.5,5.5,29.));
#3569=DIRECTION('',(-0.,-0.,1.));
#3570=VECTOR('',#3569,13.);
#3571=LINE('',#3568,#3570);
#3572=EDGE_CURVE('NONE',#3561,#1283,#3571,.T.);
#3573=ORIENTED_EDGE('',*,*,#3572,.T.);
#3574=ORIENTED_EDGE('',*,*,#1288,.T.);
#3575=EDGE_LOOP('',(#3559,#3567,#3573,#3574));
#3576=FACE_BOUND('',#3575,.T.);
#3577=ADVANCED_FACE('NONE',(#3576),#3558,.F.);
#3578=CARTESIAN_POINT('',(-68.5,5.5,-13.));
#3579=DIRECTION('',(0.,-1.,0.));
#3580=DIRECTION('',(0.,0.,-1.));
#3581=AXIS2_PLACEMENT_3D('',#3578,#3579,#3580);
#3582=PLANE('',#3581);
#3583=CARTESIAN_POINT('',(-53.75,5.5,29.));
#3584=VERTEX_POINT('',#3583);
#3585=CARTESIAN_POINT('',(-53.75,5.5,42.));
#3586=DIRECTION('',(-0.,-0.,-1.));
#3587=VECTOR('',#3586,13.);
#3588=LINE('',#3585,#3587);
#3589=EDGE_CURVE('NONE',#1251,#3584,#3588,.T.);
#3590=ORIENTED_EDGE('',*,*,#3589,.F.);
#3591=ORIENTED_EDGE('',*,*,#1256,.T.);
#3592=CARTESIAN_POINT('',(-49.5,5.5,29.));
#3593=VERTEX_POINT('',#3592);
#3594=CARTESIAN_POINT('',(-49.5,5.5,29.));
#3595=DIRECTION('',(0.,0.,1.));
#3596=VECTOR('',#3595,13.);
#3597=LINE('',#3594,#3596);
#3598=EDGE_CURVE('NONE',#3593,#1243,#3597,.T.);
#3599=ORIENTED_EDGE('',*,*,#3598,.F.);
#3600=CARTESIAN_POINT('',(-53.75,5.5,29.));
#3601=DIRECTION('',(1.,-0.,-0.));
#3602=VECTOR('',#3601,4.25);
#3603=LINE('',#3600,#3602);
#3604=EDGE_CURVE('NONE',#3584,#3593,#3603,.T.);
#3605=ORIENTED_EDGE('',*,*,#3604,.F.);
#3606=EDGE_LOOP('',(#3590,#3591,#3599,#3605));
#3607=FACE_BOUND('',#3606,.T.);
#3608=ADVANCED_FACE('NONE',(#3607),#3582,.F.);
#3609=CARTESIAN_POINT('',(-72.,9.,-13.));
#3610=DIRECTION('',(-0.707106781,-0.707106781,0.));
#3611=DIRECTION('',(0.707106781,-0.707106781,0.));
#3612=AXIS2_PLACEMENT_3D('',#3609,#3610,#3611);
#3613=PLANE('',#3612);
#3614=CARTESIAN_POINT('',(-71.646446609,8.646446609,-13.));
#3615=VERTEX_POINT('',#3614);
#3616=CARTESIAN_POINT('',(-69.75,6.75,-13.));
#3617=VERTEX_POINT('',#3616);
#3618=CARTESIAN_POINT('',(-71.646446609,8.646446609,-13.));
#3619=DIRECTION('',(0.707106781,-0.707106781,0.));
#3620=VECTOR('',#3619,2.681980515);
#3621=LINE('',#3618,#3620);
#3622=EDGE_CURVE('NONE',#3615,#3617,#3621,.T.);
#3623=ORIENTED_EDGE('',*,*,#3622,.F.);
#3624=CARTESIAN_POINT('',(-71.646446609,8.646446609,-13.));
#3625=DIRECTION('',(0.,0.,1.));
#3626=VECTOR('',#3625,55.);
#3627=LINE('',#3624,#3626);
#3628=EDGE_CURVE('NONE',#3615,#1291,#3627,.T.);
#3629=ORIENTED_EDGE('',*,*,#3628,.T.);
#3630=ORIENTED_EDGE('',*,*,#1296,.T.);
#3631=ORIENTED_EDGE('',*,*,#3572,.F.);
#3632=CARTESIAN_POINT('',(-69.75,6.75,29.));
#3633=VERTEX_POINT('',#3632);
#3634=CARTESIAN_POINT('',(-68.5,5.5,29.));
#3635=DIRECTION('',(-0.707106781,0.707106781,-0.));
#3636=VECTOR('',#3635,1.767766953);
#3637=LINE('',#3634,#3636);
#3638=EDGE_CURVE('NONE',#3561,#3633,#3637,.T.);
#3639=ORIENTED_EDGE('',*,*,#3638,.T.);
#3640=CARTESIAN_POINT('',(-69.75,6.75,-13.));
#3641=DIRECTION('',(-0.,-0.,1.));
#3642=VECTOR('',#3641,42.);
#3643=LINE('',#3640,#3642);
#3644=EDGE_CURVE('NONE',#3617,#3633,#3643,.T.);
#3645=ORIENTED_EDGE('',*,*,#3644,.F.);
#3646=EDGE_LOOP('',(#3623,#3629,#3630,#3631,#3639,#3645));
#3647=FACE_BOUND('',#3646,.T.);
#3648=ADVANCED_FACE('NONE',(#3647),#3613,.F.);
#3649=CARTESIAN_POINT('',(-46.,9.,-13.));
#3650=DIRECTION('',(0.707106781,-0.707106781,0.));
#3651=DIRECTION('',(0.707106781,0.707106781,0.));
#3652=AXIS2_PLACEMENT_3D('',#3649,#3650,#3651);
#3653=PLANE('',#3652);
#3654=ORIENTED_EDGE('',*,*,#1248,.T.);
#3655=CARTESIAN_POINT('',(-46.353553391,8.646446609,-13.));
#3656=VERTEX_POINT('',#3655);
#3657=CARTESIAN_POINT('',(-46.353553391,8.646446609,42.));
#3658=DIRECTION('',(-0.,-0.,-1.));
#3659=VECTOR('',#3658,55.);
#3660=LINE('',#3657,#3659);
#3661=EDGE_CURVE('NONE',#1234,#3656,#3660,.T.);
#3662=ORIENTED_EDGE('',*,*,#3661,.T.);
#3663=CARTESIAN_POINT('',(-48.25,6.75,-13.));
#3664=VERTEX_POINT('',#3663);
#3665=CARTESIAN_POINT('',(-48.25,6.75,-13.));
#3666=DIRECTION('',(0.707106781,0.707106781,0.));
#3667=VECTOR('',#3666,2.681980515);
#3668=LINE('',#3665,#3667);
#3669=EDGE_CURVE('NONE',#3664,#3656,#3668,.T.);
#3670=ORIENTED_EDGE('',*,*,#3669,.F.);
#3671=CARTESIAN_POINT('',(-48.25,6.75,29.));
#3672=VERTEX_POINT('',#3671);
#3673=CARTESIAN_POINT('',(-48.25,6.75,-13.));
#3674=DIRECTION('',(0.,0.,1.));
#3675=VECTOR('',#3674,42.);
#3676=LINE('',#3673,#3675);
#3677=EDGE_CURVE('NONE',#3664,#3672,#3676,.T.);
#3678=ORIENTED_EDGE('',*,*,#3677,.T.);
#3679=CARTESIAN_POINT('',(-49.5,5.5,29.));
#3680=DIRECTION('',(0.707106781,0.707106781,0.));
#3681=VECTOR('',#3680,1.767766953);
#3682=LINE('',#3679,#3681);
#3683=EDGE_CURVE('NONE',#3593,#3672,#3682,.T.);
#3684=ORIENTED_EDGE('',*,*,#3683,.F.);
#3685=ORIENTED_EDGE('',*,*,#3598,.T.);
#3686=EDGE_LOOP('',(#3654,#3662,#3670,#3678,#3684,#3685));
#3687=FACE_BOUND('',#3686,.T.);
#3688=ADVANCED_FACE('NONE',(#3687),#3653,.F.);
#3689=CARTESIAN_POINT('',(-59.,0.,23.));
#3690=DIRECTION('',(0.,-0.707106781,-0.707106781));
#3691=DIRECTION('',(-1.,0.,0.));
#3692=AXIS2_PLACEMENT_3D('',#3689,#3690,#3691);
#3693=PLANE('',#3692);
#3694=ORIENTED_EDGE('',*,*,#3419,.F.);
#3695=CARTESIAN_POINT('',(-53.75,2.,21.));
#3696=DIRECTION('',(-0.,-0.707106781,0.707106781));
#3697=VECTOR('',#3696,2.828427125);
#3698=LINE('',#3695,#3697);
#3699=EDGE_CURVE('NONE',#3408,#1522,#3698,.T.);
#3700=ORIENTED_EDGE('',*,*,#3699,.T.);
#3701=ORIENTED_EDGE('',*,*,#1545,.F.);
#3702=ORIENTED_EDGE('',*,*,#2849,.T.);
#3703=EDGE_LOOP('',(#3694,#3700,#3701,#3702));
#3704=FACE_BOUND('',#3703,.T.);
#3705=ADVANCED_FACE('NONE',(#3704),#3693,.T.);
#3706=CARTESIAN_POINT('',(-35.25,12.,42.));
#3707=DIRECTION('',(-1.,0.,0.));
#3708=DIRECTION('',(0.,0.,1.));
#3709=AXIS2_PLACEMENT_3D('',#3706,#3707,#3708);
#3710=PLANE('',#3709);
#3711=ORIENTED_EDGE('',*,*,#1402,.F.);
#3712=CARTESIAN_POINT('',(-35.25,12.,40.));
#3713=DIRECTION('',(-0.,-1.,-0.));
#3714=VECTOR('',#3713,7.727940469);
#3715=LINE('',#3712,#3714);
#3716=EDGE_CURVE('NONE',#1388,#1074,#3715,.T.);
#3717=ORIENTED_EDGE('',*,*,#3716,.T.);
#3718=ORIENTED_EDGE('',*,*,#1079,.T.);
#3719=ORIENTED_EDGE('',*,*,#1504,.T.);
#3720=ORIENTED_EDGE('',*,*,#1191,.F.);
#3721=ORIENTED_EDGE('',*,*,#348,.F.);
#3722=CARTESIAN_POINT('',(-35.25,5.5,-17.));
#3723=VERTEX_POINT('',#3722);
#3724=CARTESIAN_POINT('',(-35.25,5.5,-17.));
#3725=DIRECTION('',(0.,1.,0.));
#3726=VECTOR('',#3725,0.5);
#3727=LINE('',#3724,#3726);
#3728=EDGE_CURVE('NONE',#3723,#335,#3727,.T.);
#3729=ORIENTED_EDGE('',*,*,#3728,.F.);
#3730=CARTESIAN_POINT('',(-35.25,4.489637029,-15.25));
#3731=VERTEX_POINT('',#3730);
#3732=CARTESIAN_POINT('',(-35.25,4.489637029,-15.25));
#3733=DIRECTION('',(0.,0.5,-0.866025404));
#3734=VECTOR('',#3733,2.020725942);
#3735=LINE('',#3732,#3734);
#3736=EDGE_CURVE('NONE',#3731,#3723,#3735,.T.);
#3737=ORIENTED_EDGE('',*,*,#3736,.F.);
#3738=CARTESIAN_POINT('',(-35.25,3.806624327,-15.066987298));
#3739=VERTEX_POINT('',#3738);
#3740=CARTESIAN_POINT('',(-35.25,4.056624327,-15.5));
#3741=DIRECTION('',(-1.,0.,0.));
#3742=DIRECTION('',(0.,0.,1.));
#3743=AXIS2_PLACEMENT_3D('',#3740,#3741,#3742);
#3744=CIRCLE('',#3743,0.5);
#3745=EDGE_CURVE('NONE',#3739,#3731,#3744,.T.);
#3746=ORIENTED_EDGE('',*,*,#3745,.F.);
#3747=CARTESIAN_POINT('',(-35.25,0.5,-16.976067743));
#3748=VERTEX_POINT('',#3747);
#3749=CARTESIAN_POINT('',(-35.25,0.5,-16.976067743));
#3750=DIRECTION('',(0.,0.866025404,0.5));
#3751=VECTOR('',#3750,3.818160891);
#3752=LINE('',#3749,#3751);
#3753=EDGE_CURVE('NONE',#3748,#3739,#3752,.T.);
#3754=ORIENTED_EDGE('',*,*,#3753,.F.);
#3755=CARTESIAN_POINT('',(-35.25,1.,-17.842093147));
#3756=DIRECTION('',(-1.,0.,0.));
#3757=DIRECTION('',(0.,0.,1.));
#3758=AXIS2_PLACEMENT_3D('',#3755,#3756,#3757);
#3759=CIRCLE('',#3758,1.);
#3760=EDGE_CURVE('NONE',#1557,#3748,#3759,.T.);
#3761=ORIENTED_EDGE('',*,*,#3760,.F.);
#3762=ORIENTED_EDGE('',*,*,#1562,.T.);
#3763=ORIENTED_EDGE('',*,*,#1012,.F.);
#3764=CARTESIAN_POINT('',(-35.25,5.873697418,-29.));
#3765=DIRECTION('',(0.,1.,0.));
#3766=VECTOR('',#3765,6.126302582);
#3767=LINE('',#3764,#3766);
#3768=EDGE_CURVE('NONE',#1005,#1397,#3767,.T.);
#3769=ORIENTED_EDGE('',*,*,#3768,.T.);
#3770=EDGE_LOOP('',(#3711,#3717,#3718,#3719,#3720,#3721,#3729,#3737,#3746,#3754,#3761,#3762,#3763,#3769));
#3771=FACE_BOUND('',#3770,.T.);
#3772=ADVANCED_FACE('NONE',(#3771),#3710,.F.);
#3773=CARTESIAN_POINT('',(-89.1625,12.,-31.));
#3774=DIRECTION('',(0.,0.,1.));
#3775=DIRECTION('',(1.,0.,-0.));
#3776=AXIS2_PLACEMENT_3D('',#3773,#3774,#3775);
#3777=PLANE('',#3776);
#3778=ORIENTED_EDGE('',*,*,#1419,.F.);
#3779=CARTESIAN_POINT('',(-37.25,12.,-31.));
#3780=DIRECTION('',(-0.,-1.,-0.));
#3781=VECTOR('',#3780,4.448103319);
#3782=LINE('',#3779,#3781);
#3783=EDGE_CURVE('NONE',#1405,#1041,#3782,.T.);
#3784=ORIENTED_EDGE('',*,*,#3783,.T.);
#3785=ORIENTED_EDGE('',*,*,#1046,.T.);
#3786=CARTESIAN_POINT('',(-80.75,7.551896681,-31.));
#3787=DIRECTION('',(0.,1.,0.));
#3788=VECTOR('',#3787,4.448103319);
#3789=LINE('',#3786,#3788);
#3790=EDGE_CURVE('NONE',#1032,#1414,#3789,.T.);
#3791=ORIENTED_EDGE('',*,*,#3790,.T.);
#3792=EDGE_LOOP('',(#3778,#3784,#3785,#3791));
#3793=FACE_BOUND('',#3792,.T.);
#3794=ADVANCED_FACE('NONE',(#3793),#3777,.F.);
#3795=CARTESIAN_POINT('',(-82.75,12.,42.));
#3796=DIRECTION('',(1.,0.,-0.));
#3797=DIRECTION('',(-0.,0.,-1.));
#3798=AXIS2_PLACEMENT_3D('',#3795,#3796,#3797);
#3799=PLANE('',#3798);
#3800=ORIENTED_EDGE('',*,*,#1111,.T.);
#3801=CARTESIAN_POINT('',(-82.75,4.272059531,40.));
#3802=DIRECTION('',(0.,1.,0.));
#3803=VECTOR('',#3802,7.727940469);
#3804=LINE('',#3801,#3803);
#3805=EDGE_CURVE('NONE',#1099,#1431,#3804,.T.);
#3806=ORIENTED_EDGE('',*,*,#3805,.T.);
#3807=ORIENTED_EDGE('',*,*,#1436,.F.);
#3808=CARTESIAN_POINT('',(-82.75,12.,-29.));
#3809=DIRECTION('',(-0.,-1.,-0.));
#3810=VECTOR('',#3809,6.126302582);
#3811=LINE('',#3808,#3810);
#3812=EDGE_CURVE('NONE',#1422,#1024,#3811,.T.);
#3813=ORIENTED_EDGE('',*,*,#3812,.T.);
#3814=ORIENTED_EDGE('',*,*,#1029,.T.);
#3815=ORIENTED_EDGE('',*,*,#981,.T.);
#3816=CARTESIAN_POINT('',(-82.75,0.5,-16.976067743));
#3817=VERTEX_POINT('',#3816);
#3818=CARTESIAN_POINT('',(-82.75,1.,-17.842093147));
#3819=DIRECTION('',(-1.,-0.,0.));
#3820=DIRECTION('',(-0.,0.,-1.));
#3821=AXIS2_PLACEMENT_3D('',#3818,#3819,#3820);
#3822=CIRCLE('',#3821,1.);
#3823=EDGE_CURVE('NONE',#976,#3817,#3822,.T.);
#3824=ORIENTED_EDGE('',*,*,#3823,.T.);
#3825=CARTESIAN_POINT('',(-82.75,3.806624327,-15.066987298));
#3826=VERTEX_POINT('',#3825);
#3827=CARTESIAN_POINT('',(-82.75,0.5,-16.976067743));
#3828=DIRECTION('',(0.,0.866025404,0.5));
#3829=VECTOR('',#3828,3.818160891);
#3830=LINE('',#3827,#3829);
#3831=EDGE_CURVE('NONE',#3817,#3826,#3830,.T.);
#3832=ORIENTED_EDGE('',*,*,#3831,.T.);
#3833=CARTESIAN_POINT('',(-82.75,4.489637029,-15.25));
#3834=VERTEX_POINT('',#3833);
#3835=CARTESIAN_POINT('',(-82.75,4.056624327,-15.5));
#3836=DIRECTION('',(-1.,-0.,0.));
#3837=DIRECTION('',(-0.,0.,-1.));
#3838=AXIS2_PLACEMENT_3D('',#3835,#3836,#3837);
#3839=CIRCLE('',#3838,0.5);
#3840=EDGE_CURVE('NONE',#3826,#3834,#3839,.T.);
#3841=ORIENTED_EDGE('',*,*,#3840,.T.);
#3842=CARTESIAN_POINT('',(-82.75,5.5,-17.));
#3843=VERTEX_POINT('',#3842);
#3844=CARTESIAN_POINT('',(-82.75,4.489637029,-15.25));
#3845=DIRECTION('',(-0.,0.5,-0.866025404));
#3846=VECTOR('',#3845,2.020725942);
#3847=LINE('',#3844,#3846);
#3848=EDGE_CURVE('NONE',#3834,#3843,#3847,.T.);
#3849=ORIENTED_EDGE('',*,*,#3848,.T.);
#3850=CARTESIAN_POINT('',(-82.75,5.5,-17.));
#3851=DIRECTION('',(0.,1.,0.));
#3852=VECTOR('',#3851,0.5);
#3853=LINE('',#3850,#3852);
#3854=EDGE_CURVE('NONE',#3843,#327,#3853,.T.);
#3855=ORIENTED_EDGE('',*,*,#3854,.T.);
#3856=ORIENTED_EDGE('',*,*,#332,.T.);
#3857=ORIENTED_EDGE('',*,*,#963,.T.);
#3858=ORIENTED_EDGE('',*,*,#927,.T.);
#3859=EDGE_LOOP('',(#3800,#3806,#3807,#3813,#3814,#3815,#3824,#3832,#3841,#3849,#3855,#3856,#3857,#3858));
#3860=FACE_BOUND('',#3859,.T.);
#3861=ADVANCED_FACE('NONE',(#3860),#3799,.F.);
#3862=CARTESIAN_POINT('',(-89.1625,6.,-17.));
#3863=DIRECTION('',(0.,0.,-1.));
#3864=DIRECTION('',(-1.,0.,0.));
#3865=AXIS2_PLACEMENT_3D('',#3862,#3863,#3864);
#3866=PLANE('',#3865);
#3867=ORIENTED_EDGE('',*,*,#340,.F.);
#3868=ORIENTED_EDGE('',*,*,#3854,.F.);
#3869=CARTESIAN_POINT('',(-82.75,5.5,-17.));
#3870=DIRECTION('',(1.,-0.,-0.));
#3871=VECTOR('',#3870,47.5);
#3872=LINE('',#3869,#3871);
#3873=EDGE_CURVE('NONE',#3843,#3723,#3872,.T.);
#3874=ORIENTED_EDGE('',*,*,#3873,.T.);
#3875=ORIENTED_EDGE('',*,*,#3728,.T.);
#3876=EDGE_LOOP('',(#3867,#3868,#3874,#3875));
#3877=FACE_BOUND('',#3876,.T.);
#3878=ADVANCED_FACE('NONE',(#3877),#3866,.F.);
#3879=CARTESIAN_POINT('',(-89.1625,5.5,-17.));
#3880=DIRECTION('',(0.,-0.866025404,-0.5));
#3881=DIRECTION('',(0.,0.5,-0.866025404));
#3882=AXIS2_PLACEMENT_3D('',#3879,#3880,#3881);
#3883=PLANE('',#3882);
#3884=ORIENTED_EDGE('',*,*,#3873,.F.);
#3885=ORIENTED_EDGE('',*,*,#3848,.F.);
#3886=CARTESIAN_POINT('',(-82.75,4.489637029,-15.25));
#3887=DIRECTION('',(1.,0.,-0.));
#3888=VECTOR('',#3887,47.5);
#3889=LINE('',#3886,#3888);
#3890=EDGE_CURVE('NONE',#3834,#3731,#3889,.T.);
#3891=ORIENTED_EDGE('',*,*,#3890,.T.);
#3892=ORIENTED_EDGE('',*,*,#3736,.T.);
#3893=EDGE_LOOP('',(#3884,#3885,#3891,#3892));
#3894=FACE_BOUND('',#3893,.T.);
#3895=ADVANCED_FACE('NONE',(#3894),#3883,.F.);
#3896=CARTESIAN_POINT('',(-89.1625,4.056624327,-15.5));
#3897=DIRECTION('',(1.,0.,0.));
#3898=DIRECTION('',(0.,0.,-1.));
#3899=AXIS2_PLACEMENT_3D('',#3896,#3897,#3898);
#3900=CYLINDRICAL_SURFACE('',#3899,0.5);
#3901=ORIENTED_EDGE('',*,*,#3890,.F.);
#3902=ORIENTED_EDGE('',*,*,#3840,.F.);
#3903=CARTESIAN_POINT('',(-82.75,3.806624327,-15.066987298));
#3904=DIRECTION('',(1.,0.,-0.));
#3905=VECTOR('',#3904,47.5);
#3906=LINE('',#3903,#3905);
#3907=EDGE_CURVE('NONE',#3826,#3739,#3906,.T.);
#3908=ORIENTED_EDGE('',*,*,#3907,.T.);
#3909=ORIENTED_EDGE('',*,*,#3745,.T.);
#3910=EDGE_LOOP('',(#3901,#3902,#3908,#3909));
#3911=FACE_BOUND('',#3910,.T.);
#3912=ADVANCED_FACE('NONE',(#3911),#3900,.T.);
#3913=CARTESIAN_POINT('',(-89.1625,3.806624327,-15.066987298));
#3914=DIRECTION('',(0.,0.5,-0.866025404));
#3915=DIRECTION('',(0.,0.866025404,0.5));
#3916=AXIS2_PLACEMENT_3D('',#3913,#3914,#3915);
#3917=PLANE('',#3916);
#3918=ORIENTED_EDGE('',*,*,#3907,.F.);
#3919=ORIENTED_EDGE('',*,*,#3831,.F.);
#3920=CARTESIAN_POINT('',(-82.75,0.5,-16.976067743));
#3921=DIRECTION('',(1.,0.,-0.));
#3922=VECTOR('',#3921,47.5);
#3923=LINE('',#3920,#3922);
#3924=EDGE_CURVE('NONE',#3817,#3748,#3923,.T.);
#3925=ORIENTED_EDGE('',*,*,#3924,.T.);
#3926=ORIENTED_EDGE('',*,*,#3753,.T.);
#3927=EDGE_LOOP('',(#3918,#3919,#3925,#3926));
#3928=FACE_BOUND('',#3927,.T.);
#3929=ADVANCED_FACE('NONE',(#3928),#3917,.F.);
#3930=CARTESIAN_POINT('',(-89.1625,1.,-17.842093147));
#3931=DIRECTION('',(1.,0.,0.));
#3932=DIRECTION('',(0.,0.,-1.));
#3933=AXIS2_PLACEMENT_3D('',#3930,#3931,#3932);
#3934=CYLINDRICAL_SURFACE('',#3933,1.);
#3935=ORIENTED_EDGE('',*,*,#994,.T.);
#3936=ORIENTED_EDGE('',*,*,#667,.T.);
#3937=ORIENTED_EDGE('',*,*,#1568,.T.);
#3938=ORIENTED_EDGE('',*,*,#3760,.T.);
#3939=ORIENTED_EDGE('',*,*,#3924,.F.);
#3940=ORIENTED_EDGE('',*,*,#3823,.F.);
#3941=EDGE_LOOP('',(#3935,#3936,#3937,#3938,#3939,#3940));
#3942=FACE_BOUND('',#3941,.T.);
#3943=ADVANCED_FACE('NONE',(#3942),#3934,.T.);
#3944=CARTESIAN_POINT('',(-59.,0.,-13.));
#3945=DIRECTION('',(0.,0.,-1.));
#3946=DIRECTION('',(-1.,0.,0.));
#3947=AXIS2_PLACEMENT_3D('',#3944,#3945,#3946);
#3948=PLANE('',#3947);
#3949=ORIENTED_EDGE('',*,*,#3669,.T.);
#3950=CARTESIAN_POINT('',(-46.707106781,9.,-13.));
#3951=DIRECTION('',(-0.,-0.,1.));
#3952=DIRECTION('',(-1.,0.,0.));
#3953=AXIS2_PLACEMENT_3D('',#3950,#3951,#3952);
#3954=CIRCLE('',#3953,0.5);
#3955=EDGE_CURVE('NONE',#3656,#1477,#3954,.T.);
#3956=ORIENTED_EDGE('',*,*,#3955,.T.);
#3957=ORIENTED_EDGE('',*,*,#1482,.T.);
#3958=CARTESIAN_POINT('',(-48.75,11.75,-13.));
#3959=DIRECTION('',(0.,1.,0.));
#3960=VECTOR('',#3959,0.25);
#3961=LINE('',#3958,#3960);
#3962=EDGE_CURVE('NONE',#1469,#1379,#3961,.T.);
#3963=ORIENTED_EDGE('',*,*,#3962,.T.);
#3964=ORIENTED_EDGE('',*,*,#1458,.T.);
#3965=CARTESIAN_POINT('',(-69.25,11.75,-13.));
#3966=VERTEX_POINT('',#3965);
#3967=CARTESIAN_POINT('',(-69.25,11.75,-13.));
#3968=DIRECTION('',(0.,1.,0.));
#3969=VECTOR('',#3968,0.25);
#3970=LINE('',#3967,#3969);
#3971=EDGE_CURVE('NONE',#3966,#1447,#3970,.T.);
#3972=ORIENTED_EDGE('',*,*,#3971,.F.);
#3973=CARTESIAN_POINT('',(-69.25,11.75,-13.));
#3974=DIRECTION('',(-0.707106781,-0.707106781,0.));
#3975=VECTOR('',#3974,3.389087297);
#3976=LINE('',#3973,#3975);
#3977=EDGE_CURVE('NONE',#3966,#391,#3976,.T.);
#3978=ORIENTED_EDGE('',*,*,#3977,.T.);
#3979=ORIENTED_EDGE('',*,*,#397,.T.);
#3980=CARTESIAN_POINT('',(-71.292893219,9.,-13.));
#3981=DIRECTION('',(-0.,-0.,1.));
#3982=DIRECTION('',(-1.,0.,0.));
#3983=AXIS2_PLACEMENT_3D('',#3980,#3981,#3982);
#3984=CIRCLE('',#3983,0.5);
#3985=EDGE_CURVE('NONE',#381,#3615,#3984,.T.);
#3986=ORIENTED_EDGE('',*,*,#3985,.T.);
#3987=ORIENTED_EDGE('',*,*,#3622,.T.);
#3988=CARTESIAN_POINT('',(-69.75,6.,-13.));
#3989=DIRECTION('',(0.,1.,0.));
#3990=VECTOR('',#3989,0.75);
#3991=LINE('',#3988,#3990);
#3992=EDGE_CURVE('NONE',#311,#3617,#3991,.T.);
#3993=ORIENTED_EDGE('',*,*,#3992,.F.);
#3994=ORIENTED_EDGE('',*,*,#370,.F.);
#3995=CARTESIAN_POINT('',(-48.25,6.75,-13.));
#3996=DIRECTION('',(-0.,-1.,-0.));
#3997=VECTOR('',#3996,0.75);
#3998=LINE('',#3995,#3997);
#3999=EDGE_CURVE('NONE',#3664,#359,#3998,.T.);
#4000=ORIENTED_EDGE('',*,*,#3999,.F.);
#4001=EDGE_LOOP('',(#3949,#3956,#3957,#3963,#3964,#3972,#3978,#3979,#3986,#3987,#3993,#3994,#4000));
#4002=FACE_BOUND('',#4001,.T.);
#4003=ADVANCED_FACE('NONE',(#4002),#3948,.F.);
#4004=CARTESIAN_POINT('',(-69.,12.,-13.));
#4005=DIRECTION('',(-0.707106781,0.707106781,0.));
#4006=DIRECTION('',(-0.707106781,-0.707106781,0.));
#4007=AXIS2_PLACEMENT_3D('',#4004,#4005,#4006);
#4008=PLANE('',#4007);
#4009=ORIENTED_EDGE('',*,*,#3977,.F.);
#4010=CARTESIAN_POINT('',(-69.25,11.75,42.));
#4011=DIRECTION('',(-0.,-0.,-1.));
#4012=VECTOR('',#4011,55.);
#4013=LINE('',#4010,#4012);
#4014=EDGE_CURVE('NONE',#1307,#3966,#4013,.T.);
#4015=ORIENTED_EDGE('',*,*,#4014,.F.);
#4016=ORIENTED_EDGE('',*,*,#1312,.T.);
#4017=ORIENTED_EDGE('',*,*,#405,.T.);
#4018=EDGE_LOOP('',(#4009,#4015,#4016,#4017));
#4019=FACE_BOUND('',#4018,.T.);
#4020=ADVANCED_FACE('NONE',(#4019),#4008,.F.);
#4021=CARTESIAN_POINT('',(-59.,0.,29.));
#4022=DIRECTION('',(0.,0.,1.));
#4023=DIRECTION('',(1.,0.,0.));
#4024=AXIS2_PLACEMENT_3D('',#4021,#4022,#4023);
#4025=PLANE('',#4024);
#4026=ORIENTED_EDGE('',*,*,#2859,.T.);
#4027=ORIENTED_EDGE('',*,*,#1128,.T.);
#4028=CARTESIAN_POINT('',(-69.75,0.268386955,29.));
#4029=DIRECTION('',(0.,1.,0.));
#4030=VECTOR('',#4029,6.481613045);
#4031=LINE('',#4028,#4030);
#4032=EDGE_CURVE('NONE',#1115,#3633,#4031,.T.);
#4033=ORIENTED_EDGE('',*,*,#4032,.T.);
#4034=ORIENTED_EDGE('',*,*,#3638,.F.);
#4035=ORIENTED_EDGE('',*,*,#3566,.F.);
#4036=EDGE_LOOP('',(#4026,#4027,#4033,#4034,#4035));
#4037=FACE_BOUND('',#4036,.T.);
#4038=ADVANCED_FACE('NONE',(#4037),#4025,.F.);
#4039=CARTESIAN_POINT('',(-69.75,6.75,-21.707037384));
#4040=DIRECTION('',(1.,0.,0.));
#4041=DIRECTION('',(0.,0.,-1.));
#4042=AXIS2_PLACEMENT_3D('',#4039,#4040,#4041);
#4043=PLANE('',#4042);
#4044=ORIENTED_EDGE('',*,*,#4032,.F.);
#4045=ORIENTED_EDGE('',*,*,#1120,.T.);
#4046=ORIENTED_EDGE('',*,*,#941,.F.);
#4047=ORIENTED_EDGE('',*,*,#956,.T.);
#4048=ORIENTED_EDGE('',*,*,#316,.T.);
#4049=ORIENTED_EDGE('',*,*,#3992,.T.);
#4050=ORIENTED_EDGE('',*,*,#3644,.T.);
#4051=EDGE_LOOP('',(#4044,#4045,#4046,#4047,#4048,#4049,#4050));
#4052=FACE_BOUND('',#4051,.T.);
#4053=ADVANCED_FACE('NONE',(#4052),#4043,.T.);
#4054=CARTESIAN_POINT('',(-59.,0.,29.));
#4055=DIRECTION('',(0.,0.,-1.));
#4056=DIRECTION('',(-1.,0.,0.));
#4057=AXIS2_PLACEMENT_3D('',#4054,#4055,#4056);
#4058=PLANE('',#4057);
#4059=CARTESIAN_POINT('',(-48.25,6.75,29.));
#4060=DIRECTION('',(-0.,-1.,-0.));
#4061=VECTOR('',#4060,6.481613045);
#4062=LINE('',#4059,#4061);
#4063=EDGE_CURVE('NONE',#3672,#1163,#4062,.T.);
#4064=ORIENTED_EDGE('',*,*,#4063,.T.);
#4065=ORIENTED_EDGE('',*,*,#1168,.T.);
#4066=CARTESIAN_POINT('',(-53.75,0.268386955,29.));
#4067=DIRECTION('',(0.,1.,0.));
#4068=VECTOR('',#4067,5.231613045);
#4069=LINE('',#4066,#4068);
#4070=EDGE_CURVE('NONE',#1155,#3584,#4069,.T.);
#4071=ORIENTED_EDGE('',*,*,#4070,.T.);
#4072=ORIENTED_EDGE('',*,*,#3604,.T.);
#4073=ORIENTED_EDGE('',*,*,#3683,.T.);
#4074=EDGE_LOOP('',(#4064,#4065,#4071,#4072,#4073));
#4075=FACE_BOUND('',#4074,.T.);
#4076=ADVANCED_FACE('NONE',(#4075),#4058,.T.);
#4077=CARTESIAN_POINT('',(-48.25,6.75,-21.707037384));
#4078=DIRECTION('',(-1.,0.,0.));
#4079=DIRECTION('',(0.,0.,1.));
#4080=AXIS2_PLACEMENT_3D('',#4077,#4078,#4079);
#4081=PLANE('',#4080);
#4082=ORIENTED_EDGE('',*,*,#1511,.T.);
#4083=ORIENTED_EDGE('',*,*,#1174,.T.);
#4084=ORIENTED_EDGE('',*,*,#4063,.F.);
#4085=ORIENTED_EDGE('',*,*,#3677,.F.);
#4086=ORIENTED_EDGE('',*,*,#3999,.T.);
#4087=ORIENTED_EDGE('',*,*,#364,.T.);
#4088=ORIENTED_EDGE('',*,*,#1205,.T.);
#4089=EDGE_LOOP('',(#4082,#4083,#4084,#4085,#4086,#4087,#4088));
#4090=FACE_BOUND('',#4089,.T.);
#4091=ADVANCED_FACE('NONE',(#4090),#4081,.T.);
#4092=CARTESIAN_POINT('',(-53.75,6.75,-21.707037384));
#4093=DIRECTION('',(1.,0.,0.));
#4094=DIRECTION('',(-0.,1.,0.));
#4095=AXIS2_PLACEMENT_3D('',#4092,#4093,#4094);
#4096=PLANE('',#4095);
#4097=ORIENTED_EDGE('',*,*,#2233,.T.);
#4098=CARTESIAN_POINT('',(-53.75,12.,40.908089297));
#4099=DIRECTION('',(0.,-0.939692621,0.342020143));
#4100=VECTOR('',#4099,3.192533317);
#4101=LINE('',#4098,#4100);
#4102=EDGE_CURVE('NONE',#2220,#1259,#4101,.T.);
#4103=ORIENTED_EDGE('',*,*,#4102,.T.);
#4104=ORIENTED_EDGE('',*,*,#1264,.T.);
#4105=ORIENTED_EDGE('',*,*,#3589,.T.);
#4106=ORIENTED_EDGE('',*,*,#4070,.F.);
#4107=ORIENTED_EDGE('',*,*,#1160,.T.);
#4108=ORIENTED_EDGE('',*,*,#1527,.F.);
#4109=ORIENTED_EDGE('',*,*,#3699,.F.);
#4110=ORIENTED_EDGE('',*,*,#3413,.T.);
#4111=EDGE_LOOP('',(#4097,#4103,#4104,#4105,#4106,#4107,#4108,#4109,#4110));
#4112=FACE_BOUND('',#4111,.T.);
#4113=ADVANCED_FACE('NONE',(#4112),#4096,.T.);
#4114=CARTESIAN_POINT('',(-62.25,-36.323037024,19.357142857));
#4115=DIRECTION('',(-0.,1.,0.));
#4116=DIRECTION('',(-1.,-0.,0.));
#4117=AXIS2_PLACEMENT_3D('',#4114,#4115,#4116);
#4118=CYLINDRICAL_SURFACE('',#4117,2.);
#4119=ORIENTED_EDGE('',*,*,#1901,.F.);
#4120=ORIENTED_EDGE('',*,*,#2834,.F.);
#4121=ORIENTED_EDGE('',*,*,#2641,.F.);
#4122=ORIENTED_EDGE('',*,*,#2880,.F.);
#4123=EDGE_LOOP('',(#4119,#4120,#4121,#4122));
#4124=FACE_BOUND('',#4123,.T.);
#4125=ADVANCED_FACE('NONE',(#4124),#4118,.T.);
#4126=CARTESIAN_POINT('',(-56.,-36.323037024,15.714285714));
#4127=DIRECTION('',(-0.,1.,0.));
#4128=DIRECTION('',(-1.,-0.,0.));
#4129=AXIS2_PLACEMENT_3D('',#4126,#4127,#4128);
#4130=CYLINDRICAL_SURFACE('',#4129,2.);
#4131=ORIENTED_EDGE('',*,*,#1843,.F.);
#4132=ORIENTED_EDGE('',*,*,#3348,.F.);
#4133=ORIENTED_EDGE('',*,*,#2283,.F.);
#4134=ORIENTED_EDGE('',*,*,#3365,.F.);
#4135=EDGE_LOOP('',(#4131,#4132,#4133,#4134));
#4136=FACE_BOUND('',#4135,.T.);
#4137=ADVANCED_FACE('NONE',(#4136),#4130,.T.);
#4138=CARTESIAN_POINT('',(-56.,-36.323037024,17.25));
#4139=DIRECTION('',(0.,-1.,0.));
#4140=DIRECTION('',(1.,0.,0.));
#4141=AXIS2_PLACEMENT_3D('',#4138,#4139,#4140);
#4142=CYLINDRICAL_SURFACE('',#4141,2.);
#4143=ORIENTED_EDGE('',*,*,#1860,.F.);
#4144=ORIENTED_EDGE('',*,*,#3372,.F.);
#4145=ORIENTED_EDGE('',*,*,#2266,.F.);
#4146=ORIENTED_EDGE('',*,*,#3387,.F.);
#4147=EDGE_LOOP('',(#4143,#4144,#4145,#4146));
#4148=FACE_BOUND('',#4147,.T.);
#4149=ADVANCED_FACE('NONE',(#4148),#4142,.T.);
#4150=CARTESIAN_POINT('',(-62.25,-36.323037024,13.607142857));
#4151=DIRECTION('',(0.,-1.,0.));
#4152=DIRECTION('',(1.,0.,0.));
#4153=AXIS2_PLACEMENT_3D('',#4150,#4151,#4152);
#4154=CYLINDRICAL_SURFACE('',#4153,2.);
#4155=ORIENTED_EDGE('',*,*,#1935,.F.);
#4156=ORIENTED_EDGE('',*,*,#2919,.F.);
#4157=ORIENTED_EDGE('',*,*,#2609,.F.);
#4158=ORIENTED_EDGE('',*,*,#2936,.F.);
#4159=EDGE_LOOP('',(#4155,#4156,#4157,#4158));
#4160=FACE_BOUND('',#4159,.T.);
#4161=ADVANCED_FACE('NONE',(#4160),#4154,.T.);
#4162=CARTESIAN_POINT('',(-62.25,-36.323037024,12.071428571));
#4163=DIRECTION('',(-0.,1.,0.));
#4164=DIRECTION('',(-1.,-0.,0.));
#4165=AXIS2_PLACEMENT_3D('',#4162,#4163,#4164);
#4166=CYLINDRICAL_SURFACE('',#4165,2.);
#4167=ORIENTED_EDGE('',*,*,#1952,.F.);
#4168=ORIENTED_EDGE('',*,*,#2943,.F.);
#4169=ORIENTED_EDGE('',*,*,#2592,.F.);
#4170=ORIENTED_EDGE('',*,*,#2958,.F.);
#4171=EDGE_LOOP('',(#4167,#4168,#4169,#4170));
#4172=FACE_BOUND('',#4171,.T.);
#4173=ADVANCED_FACE('NONE',(#4172),#4166,.T.);
#4174=CARTESIAN_POINT('',(-56.,-36.323037024,9.964285714));
#4175=DIRECTION('',(0.,-1.,0.));
#4176=DIRECTION('',(1.,0.,0.));
#4177=AXIS2_PLACEMENT_3D('',#4174,#4175,#4176);
#4178=CYLINDRICAL_SURFACE('',#4177,2.);
#4179=ORIENTED_EDGE('',*,*,#1810,.F.);
#4180=ORIENTED_EDGE('',*,*,#3304,.F.);
#4181=ORIENTED_EDGE('',*,*,#2316,.F.);
#4182=ORIENTED_EDGE('',*,*,#3326,.F.);
#4183=EDGE_LOOP('',(#4179,#4180,#4181,#4182));
#4184=FACE_BOUND('',#4183,.T.);
#4185=ADVANCED_FACE('NONE',(#4184),#4178,.T.);
#4186=CARTESIAN_POINT('',(-56.,-36.323037024,8.428571429));
#4187=DIRECTION('',(-0.,1.,0.));
#4188=DIRECTION('',(-1.,-0.,-0.));
#4189=AXIS2_PLACEMENT_3D('',#4186,#4187,#4188);
#4190=CYLINDRICAL_SURFACE('',#4189,2.);
#4191=ORIENTED_EDGE('',*,*,#1793,.F.);
#4192=ORIENTED_EDGE('',*,*,#3287,.F.);
#4193=ORIENTED_EDGE('',*,*,#2333,.F.);
#4194=ORIENTED_EDGE('',*,*,#3311,.F.);
#4195=EDGE_LOOP('',(#4191,#4192,#4193,#4194));
#4196=FACE_BOUND('',#4195,.T.);
#4197=ADVANCED_FACE('NONE',(#4196),#4190,.T.);
#4198=CARTESIAN_POINT('',(-62.25,-36.323037024,6.321428571));
#4199=DIRECTION('',(0.,-1.,0.));
#4200=DIRECTION('',(1.,0.,0.));
#4201=AXIS2_PLACEMENT_3D('',#4198,#4199,#4200);
#4202=CYLINDRICAL_SURFACE('',#4201,2.);
#4203=ORIENTED_EDGE('',*,*,#1986,.F.);
#4204=ORIENTED_EDGE('',*,*,#2997,.F.);
#4205=ORIENTED_EDGE('',*,*,#2558,.F.);
#4206=ORIENTED_EDGE('',*,*,#3014,.F.);
#4207=EDGE_LOOP('',(#4203,#4204,#4205,#4206));
#4208=FACE_BOUND('',#4207,.T.);
#4209=ADVANCED_FACE('NONE',(#4208),#4202,.T.);
#4210=CARTESIAN_POINT('',(-62.25,-36.323037024,4.785714286));
#4211=DIRECTION('',(-0.,1.,0.));
#4212=DIRECTION('',(-1.,-0.,0.));
#4213=AXIS2_PLACEMENT_3D('',#4210,#4211,#4212);
#4214=CYLINDRICAL_SURFACE('',#4213,2.);
#4215=ORIENTED_EDGE('',*,*,#2003,.F.);
#4216=ORIENTED_EDGE('',*,*,#3021,.F.);
#4217=ORIENTED_EDGE('',*,*,#2541,.F.);
#4218=ORIENTED_EDGE('',*,*,#3036,.F.);
#4219=EDGE_LOOP('',(#4215,#4216,#4217,#4218));
#4220=FACE_BOUND('',#4219,.T.);
#4221=ADVANCED_FACE('NONE',(#4220),#4214,.T.);
#4222=CARTESIAN_POINT('',(-56.,-36.323037024,2.678571429));
#4223=DIRECTION('',(0.,-1.,0.));
#4224=DIRECTION('',(1.,0.,-0.));
#4225=AXIS2_PLACEMENT_3D('',#4222,#4223,#4224);
#4226=CYLINDRICAL_SURFACE('',#4225,2.);
#4227=ORIENTED_EDGE('',*,*,#1760,.F.);
#4228=ORIENTED_EDGE('',*,*,#3243,.F.);
#4229=ORIENTED_EDGE('',*,*,#2366,.F.);
#4230=ORIENTED_EDGE('',*,*,#3265,.F.);
#4231=EDGE_LOOP('',(#4227,#4228,#4229,#4230));
#4232=FACE_BOUND('',#4231,.T.);
#4233=ADVANCED_FACE('NONE',(#4232),#4226,.T.);
#4234=CARTESIAN_POINT('',(-56.,-36.323037024,1.142857143));
#4235=DIRECTION('',(-0.,1.,-0.));
#4236=DIRECTION('',(-1.,-0.,0.));
#4237=AXIS2_PLACEMENT_3D('',#4234,#4235,#4236);
#4238=CYLINDRICAL_SURFACE('',#4237,2.);
#4239=ORIENTED_EDGE('',*,*,#1743,.F.);
#4240=ORIENTED_EDGE('',*,*,#3226,.F.);
#4241=ORIENTED_EDGE('',*,*,#2383,.F.);
#4242=ORIENTED_EDGE('',*,*,#3250,.F.);
#4243=EDGE_LOOP('',(#4239,#4240,#4241,#4242));
#4244=FACE_BOUND('',#4243,.T.);
#4245=ADVANCED_FACE('NONE',(#4244),#4238,.T.);
#4246=CARTESIAN_POINT('',(-56.,-36.323037024,-4.607142857));
#4247=DIRECTION('',(0.,-1.,-0.));
#4248=DIRECTION('',(1.,0.,0.));
#4249=AXIS2_PLACEMENT_3D('',#4246,#4247,#4248);
#4250=CYLINDRICAL_SURFACE('',#4249,2.);
#4251=ORIENTED_EDGE('',*,*,#1710,.F.);
#4252=ORIENTED_EDGE('',*,*,#3187,.F.);
#4253=ORIENTED_EDGE('',*,*,#2416,.F.);
#4254=ORIENTED_EDGE('',*,*,#3204,.F.);
#4255=EDGE_LOOP('',(#4251,#4252,#4253,#4254));
#4256=FACE_BOUND('',#4255,.T.);
#4257=ADVANCED_FACE('NONE',(#4256),#4250,.T.);
#4258=CARTESIAN_POINT('',(-62.25,-36.323037024,-0.964285714));
#4259=DIRECTION('',(0.,-1.,0.));
#4260=DIRECTION('',(1.,0.,0.));
#4261=AXIS2_PLACEMENT_3D('',#4258,#4259,#4260);
#4262=CYLINDRICAL_SURFACE('',#4261,2.);
#4263=ORIENTED_EDGE('',*,*,#2037,.F.);
#4264=ORIENTED_EDGE('',*,*,#3075,.F.);
#4265=ORIENTED_EDGE('',*,*,#2507,.F.);
#4266=ORIENTED_EDGE('',*,*,#3092,.F.);
#4267=EDGE_LOOP('',(#4263,#4264,#4265,#4266));
#4268=FACE_BOUND('',#4267,.T.);
#4269=ADVANCED_FACE('NONE',(#4268),#4262,.T.);
#4270=CARTESIAN_POINT('',(-62.25,-36.323037024,-2.5));
#4271=DIRECTION('',(-0.,1.,-0.));
#4272=DIRECTION('',(-1.,-0.,0.));
#4273=AXIS2_PLACEMENT_3D('',#4270,#4271,#4272);
#4274=CYLINDRICAL_SURFACE('',#4273,2.);
#4275=ORIENTED_EDGE('',*,*,#2054,.F.);
#4276=ORIENTED_EDGE('',*,*,#3099,.F.);
#4277=ORIENTED_EDGE('',*,*,#2490,.F.);
#4278=ORIENTED_EDGE('',*,*,#3114,.F.);
#4279=EDGE_LOOP('',(#4275,#4276,#4277,#4278));
#4280=FACE_BOUND('',#4279,.T.);
#4281=ADVANCED_FACE('NONE',(#4280),#4274,.T.);
#4282=CARTESIAN_POINT('',(-59.,0.,48.));
#4283=DIRECTION('',(0.,0.,1.));
#4284=DIRECTION('',(1.,0.,0.));
#4285=AXIS2_PLACEMENT_3D('',#4282,#4283,#4284);
#4286=PLANE('',#4285);
#4287=CARTESIAN_POINT('',(-49.328427125,9.,48.));
#4288=VERTEX_POINT('',#4287);
#4289=CARTESIAN_POINT('',(-51.828427125,6.5,48.));
#4290=DIRECTION('',(0.707106781,0.707106781,0.));
#4291=VECTOR('',#4290,3.535533906);
#4292=LINE('',#4289,#4291);
#4293=EDGE_CURVE('NONE',#1590,#4288,#4292,.T.);
#4294=ORIENTED_EDGE('',*,*,#4293,.T.);
#4295=CARTESIAN_POINT('',(-49.328427125,9.,48.));
#4296=DIRECTION('',(-0.707106781,0.707106781,0.));
#4297=VECTOR('',#4296,4.242640687);
#4298=LINE('',#4295,#4297);
#4299=EDGE_CURVE('NONE',#4288,#2646,#4298,.T.);
#4300=ORIENTED_EDGE('',*,*,#4299,.T.);
#4301=ORIENTED_EDGE('',*,*,#2653,.T.);
#4302=CARTESIAN_POINT('',(-68.671572875,9.,48.));
#4303=VERTEX_POINT('',#4302);
#4304=CARTESIAN_POINT('',(-65.671572875,12.,48.));
#4305=DIRECTION('',(-0.707106781,-0.707106781,0.));
#4306=VECTOR('',#4305,4.242640687);
#4307=LINE('',#4304,#4306);
#4308=EDGE_CURVE('NONE',#2648,#4303,#4307,.T.);
#4309=ORIENTED_EDGE('',*,*,#4308,.T.);
#4310=CARTESIAN_POINT('',(-68.671572875,9.,48.));
#4311=DIRECTION('',(0.707106781,-0.707106781,0.));
#4312=VECTOR('',#4311,3.535533906);
#4313=LINE('',#4310,#4312);
#4314=EDGE_CURVE('NONE',#4303,#1599,#4313,.T.);
#4315=ORIENTED_EDGE('',*,*,#4314,.T.);
#4316=ORIENTED_EDGE('',*,*,#1604,.T.);
#4317=EDGE_LOOP('',(#4294,#4300,#4301,#4309,#4315,#4316));
#4318=FACE_BOUND('',#4317,.T.);
#4319=ADVANCED_FACE('NONE',(#4318),#4286,.T.);
#4320=CARTESIAN_POINT('',(-59.,0.,43.));
#4321=DIRECTION('',(0.,0.,1.));
#4322=DIRECTION('',(1.,0.,0.));
#4323=AXIS2_PLACEMENT_3D('',#4320,#4321,#4322);
#4324=PLANE('',#4323);
#4325=ORIENTED_EDGE('',*,*,#3549,.T.);
#4326=CARTESIAN_POINT('',(-64.75,9.,43.));
#4327=DIRECTION('',(1.,0.,-0.));
#4328=VECTOR('',#4327,11.5);
#4329=LINE('',#4326,#4328);
#4330=EDGE_CURVE('NONE',#3538,#2759,#4329,.T.);
#4331=ORIENTED_EDGE('',*,*,#4330,.T.);
#4332=ORIENTED_EDGE('',*,*,#2764,.T.);
#4333=ORIENTED_EDGE('',*,*,#1645,.F.);
#4334=EDGE_LOOP('',(#4325,#4331,#4332,#4333));
#4335=FACE_BOUND('',#4334,.T.);
#4336=ADVANCED_FACE('NONE',(#4335),#4324,.F.);
#4337=CARTESIAN_POINT('',(-69.,-0.,23.5));
#4338=DIRECTION('',(0.,0.,-1.));
#4339=DIRECTION('',(-1.,0.,0.));
#4340=AXIS2_PLACEMENT_3D('',#4337,#4338,#4339);
#4341=PLANE('',#4340);
#4342=ORIENTED_EDGE('',*,*,#3485,.T.);
#4343=ORIENTED_EDGE('',*,*,#1629,.F.);
#4344=CARTESIAN_POINT('',(-69.,0.,23.5));
#4345=VERTEX_POINT('',#4344);
#4346=CARTESIAN_POINT('',(-69.,0.,23.5));
#4347=DIRECTION('',(0.,1.,0.));
#4348=VECTOR('',#4347,6.5);
#4349=LINE('',#4346,#4348);
#4350=EDGE_CURVE('NONE',#4345,#1616,#4349,.T.);
#4351=ORIENTED_EDGE('',*,*,#4350,.F.);
#4352=CARTESIAN_POINT('',(-69.,-0.,23.5));
#4353=DIRECTION('',(1.,-0.,-0.));
#4354=VECTOR('',#4353,4.25);
#4355=LINE('',#4352,#4354);
#4356=EDGE_CURVE('NONE',#4345,#3480,#4355,.T.);
#4357=ORIENTED_EDGE('',*,*,#4356,.T.);
#4358=EDGE_LOOP('',(#4342,#4343,#4351,#4357));
#4359=FACE_BOUND('',#4358,.T.);
#4360=ADVANCED_FACE('NONE',(#4359),#4341,.F.);
#4361=CARTESIAN_POINT('',(-69.,6.5,17.5));
#4362=DIRECTION('',(0.,0.,1.));
#4363=DIRECTION('',(1.,0.,0.));
#4364=AXIS2_PLACEMENT_3D('',#4361,#4362,#4363);
#4365=PLANE('',#4364);
#4366=ORIENTED_EDGE('',*,*,#3532,.T.);
#4367=CARTESIAN_POINT('',(-69.,5.5,17.5));
#4368=VERTEX_POINT('',#4367);
#4369=CARTESIAN_POINT('',(-69.,5.5,17.5));
#4370=DIRECTION('',(1.,0.,-0.));
#4371=VECTOR('',#4370,4.25);
#4372=LINE('',#4369,#4371);
#4373=EDGE_CURVE('NONE',#4368,#3521,#4372,.T.);
#4374=ORIENTED_EDGE('',*,*,#4373,.F.);
#4375=CARTESIAN_POINT('',(-69.,6.5,17.5));
#4376=DIRECTION('',(-0.,-1.,-0.));
#4377=VECTOR('',#4376,1.);
#4378=LINE('',#4375,#4377);
#4379=EDGE_CURVE('NONE',#2090,#4368,#4378,.T.);
#4380=ORIENTED_EDGE('',*,*,#4379,.F.);
#4381=ORIENTED_EDGE('',*,*,#2095,.T.);
#4382=EDGE_LOOP('',(#4366,#4374,#4380,#4381));
#4383=FACE_BOUND('',#4382,.T.);
#4384=ADVANCED_FACE('NONE',(#4383),#4365,.F.);
#4385=CARTESIAN_POINT('',(-69.,5.5,17.5));
#4386=DIRECTION('',(0.,-0.866025404,0.5));
#4387=DIRECTION('',(0.,-0.5,-0.866025404));
#4388=AXIS2_PLACEMENT_3D('',#4385,#4386,#4387);
#4389=PLANE('',#4388);
#4390=ORIENTED_EDGE('',*,*,#3526,.T.);
#4391=ORIENTED_EDGE('',*,*,#726,.F.);
#4392=CARTESIAN_POINT('',(-69.,5.5,17.5));
#4393=DIRECTION('',(0.,-0.5,-0.866025404));
#4394=VECTOR('',#4393,2.040398676);
#4395=LINE('',#4392,#4394);
#4396=EDGE_CURVE('NONE',#4368,#712,#4395,.T.);
#4397=ORIENTED_EDGE('',*,*,#4396,.F.);
#4398=ORIENTED_EDGE('',*,*,#4373,.T.);
#4399=EDGE_LOOP('',(#4390,#4391,#4397,#4398));
#4400=FACE_BOUND('',#4399,.T.);
#4401=ADVANCED_FACE('NONE',(#4400),#4389,.F.);
#4402=CARTESIAN_POINT('',(-69.,3.79678796,15.549950211));
#4403=DIRECTION('',(0.,0.5,0.866025404));
#4404=DIRECTION('',(0.,-0.866025404,0.5));
#4405=AXIS2_PLACEMENT_3D('',#4402,#4403,#4404);
#4406=PLANE('',#4405);
#4407=ORIENTED_EDGE('',*,*,#3510,.T.);
#4408=CARTESIAN_POINT('',(-69.,1.,17.164676493));
#4409=VERTEX_POINT('',#4408);
#4410=CARTESIAN_POINT('',(-69.,1.,17.164676493));
#4411=DIRECTION('',(1.,0.,-0.));
#4412=VECTOR('',#4411,4.25);
#4413=LINE('',#4410,#4412);
#4414=EDGE_CURVE('NONE',#4409,#3496,#4413,.T.);
#4415=ORIENTED_EDGE('',*,*,#4414,.F.);
#4416=CARTESIAN_POINT('',(-69.,3.79678796,15.549950211));
#4417=VERTEX_POINT('',#4416);
#4418=CARTESIAN_POINT('',(-69.,3.79678796,15.549950211));
#4419=DIRECTION('',(0.,-0.866025404,0.5));
#4420=VECTOR('',#4419,3.229452564);
#4421=LINE('',#4418,#4420);
#4422=EDGE_CURVE('NONE',#4417,#4409,#4421,.T.);
#4423=ORIENTED_EDGE('',*,*,#4422,.F.);
#4424=CARTESIAN_POINT('',(-69.,3.79678796,15.549950211));
#4425=DIRECTION('',(1.,0.,-0.));
#4426=VECTOR('',#4425,4.25);
#4427=LINE('',#4424,#4426);
#4428=EDGE_CURVE('NONE',#4417,#3505,#4427,.T.);
#4429=ORIENTED_EDGE('',*,*,#4428,.T.);
#4430=EDGE_LOOP('',(#4407,#4415,#4423,#4429));
#4431=FACE_BOUND('',#4430,.T.);
#4432=ADVANCED_FACE('NONE',(#4431),#4406,.F.);
#4433=CARTESIAN_POINT('',(-69.,2.,18.896727301));
#4434=DIRECTION('',(1.,0.,0.));
#4435=DIRECTION('',(0.,0.,-1.));
#4436=AXIS2_PLACEMENT_3D('',#4433,#4434,#4435);
#4437=CYLINDRICAL_SURFACE('',#4436,2.);
#4438=ORIENTED_EDGE('',*,*,#3502,.T.);
#4439=CARTESIAN_POINT('',(-69.,0.,18.896727301));
#4440=VERTEX_POINT('',#4439);
#4441=CARTESIAN_POINT('',(-69.,0.,18.896727301));
#4442=DIRECTION('',(1.,0.,-0.));
#4443=VECTOR('',#4442,4.25);
#4444=LINE('',#4441,#4443);
#4445=EDGE_CURVE('NONE',#4440,#3488,#4444,.T.);
#4446=ORIENTED_EDGE('',*,*,#4445,.F.);
#4447=CARTESIAN_POINT('',(-69.,2.,18.896727301));
#4448=DIRECTION('',(-1.,-0.,-0.));
#4449=DIRECTION('',(0.,0.,-1.));
#4450=AXIS2_PLACEMENT_3D('',#4447,#4448,#4449);
#4451=CIRCLE('',#4450,2.);
#4452=EDGE_CURVE('NONE',#4409,#4440,#4451,.T.);
#4453=ORIENTED_EDGE('',*,*,#4452,.F.);
#4454=ORIENTED_EDGE('',*,*,#4414,.T.);
#4455=EDGE_LOOP('',(#4438,#4446,#4453,#4454));
#4456=FACE_BOUND('',#4455,.T.);
#4457=ADVANCED_FACE('NONE',(#4456),#4437,.T.);
#4458=CARTESIAN_POINT('',(-69.,0.,18.896727301));
#4459=DIRECTION('',(0.,1.,0.));
#4460=DIRECTION('',(0.,-0.,1.));
#4461=AXIS2_PLACEMENT_3D('',#4458,#4459,#4460);
#4462=PLANE('',#4461);
#4463=ORIENTED_EDGE('',*,*,#3493,.T.);
#4464=ORIENTED_EDGE('',*,*,#4356,.F.);
#4465=CARTESIAN_POINT('',(-69.,0.,18.896727301));
#4466=DIRECTION('',(0.,0.,1.));
#4467=VECTOR('',#4466,4.603272699);
#4468=LINE('',#4465,#4467);
#4469=EDGE_CURVE('NONE',#4440,#4345,#4468,.T.);
#4470=ORIENTED_EDGE('',*,*,#4469,.F.);
#4471=ORIENTED_EDGE('',*,*,#4445,.T.);
#4472=EDGE_LOOP('',(#4463,#4464,#4470,#4471));
#4473=FACE_BOUND('',#4472,.T.);
#4474=ADVANCED_FACE('NONE',(#4473),#4462,.F.);
#4475=CARTESIAN_POINT('',(-69.,4.04678796,15.982962913));
#4476=DIRECTION('',(-1.,0.,0.));
#4477=DIRECTION('',(0.,0.,1.));
#4478=AXIS2_PLACEMENT_3D('',#4475,#4476,#4477);
#4479=PLANE('',#4478);
#4480=ORIENTED_EDGE('',*,*,#4350,.T.);
#4481=ORIENTED_EDGE('',*,*,#3467,.T.);
#4482=ORIENTED_EDGE('',*,*,#4379,.T.);
#4483=ORIENTED_EDGE('',*,*,#4396,.T.);
#4484=ORIENTED_EDGE('',*,*,#718,.T.);
#4485=CARTESIAN_POINT('',(-69.,4.04678796,15.982962913));
#4486=DIRECTION('',(-1.,-0.,-0.));
#4487=DIRECTION('',(0.,0.,-1.));
#4488=AXIS2_PLACEMENT_3D('',#4485,#4486,#4487);
#4489=CIRCLE('',#4488,0.5);
#4490=EDGE_CURVE('NONE',#704,#4417,#4489,.T.);
#4491=ORIENTED_EDGE('',*,*,#4490,.T.);
#4492=ORIENTED_EDGE('',*,*,#4422,.T.);
#4493=ORIENTED_EDGE('',*,*,#4452,.T.);
#4494=ORIENTED_EDGE('',*,*,#4469,.T.);
#4495=EDGE_LOOP('',(#4480,#4481,#4482,#4483,#4484,#4491,#4492,#4493,#4494));
#4496=FACE_BOUND('',#4495,.T.);
#4497=ADVANCED_FACE('NONE',(#4496),#4479,.T.);
#4498=CARTESIAN_POINT('',(-49.,-0.,23.5));
#4499=DIRECTION('',(0.,0.,1.));
#4500=DIRECTION('',(1.,0.,0.));
#4501=AXIS2_PLACEMENT_3D('',#4498,#4499,#4500);
#4502=PLANE('',#4501);
#4503=ORIENTED_EDGE('',*,*,#2755,.F.);
#4504=CARTESIAN_POINT('',(-49.,-0.,23.5));
#4505=VERTEX_POINT('',#4504);
#4506=CARTESIAN_POINT('',(-49.,-0.,23.5));
#4507=DIRECTION('',(-1.,-0.,0.));
#4508=VECTOR('',#4507,4.25);
#4509=LINE('',#4506,#4508);
#4510=EDGE_CURVE('NONE',#4505,#2744,#4509,.T.);
#4511=ORIENTED_EDGE('',*,*,#4510,.F.);
#4512=CARTESIAN_POINT('',(-49.,-0.,23.5));
#4513=DIRECTION('',(0.,1.,0.));
#4514=VECTOR('',#4513,6.5);
#4515=LINE('',#4512,#4514);
#4516=EDGE_CURVE('NONE',#4505,#1582,#4515,.T.);
#4517=ORIENTED_EDGE('',*,*,#4516,.T.);
#4518=ORIENTED_EDGE('',*,*,#1659,.T.);
#4519=EDGE_LOOP('',(#4503,#4511,#4517,#4518));
#4520=FACE_BOUND('',#4519,.T.);
#4521=ADVANCED_FACE('NONE',(#4520),#4502,.T.);
#4522=CARTESIAN_POINT('',(-49.,0.,18.896727301));
#4523=DIRECTION('',(0.,-1.,-0.));
#4524=DIRECTION('',(0.,0.,-1.));
#4525=AXIS2_PLACEMENT_3D('',#4522,#4523,#4524);
#4526=PLANE('',#4525);
#4527=ORIENTED_EDGE('',*,*,#2749,.F.);
#4528=CARTESIAN_POINT('',(-49.,0.,18.896727301));
#4529=VERTEX_POINT('',#4528);
#4530=CARTESIAN_POINT('',(-49.,0.,18.896727301));
#4531=DIRECTION('',(-1.,0.,0.));
#4532=VECTOR('',#4531,4.25);
#4533=LINE('',#4530,#4532);
#4534=EDGE_CURVE('NONE',#4529,#2735,#4533,.T.);
#4535=ORIENTED_EDGE('',*,*,#4534,.F.);
#4536=CARTESIAN_POINT('',(-49.,0.,18.896727301));
#4537=DIRECTION('',(-0.,-0.,1.));
#4538=VECTOR('',#4537,4.603272699);
#4539=LINE('',#4536,#4538);
#4540=EDGE_CURVE('NONE',#4529,#4505,#4539,.T.);
#4541=ORIENTED_EDGE('',*,*,#4540,.T.);
#4542=ORIENTED_EDGE('',*,*,#4510,.T.);
#4543=EDGE_LOOP('',(#4527,#4535,#4541,#4542));
#4544=FACE_BOUND('',#4543,.T.);
#4545=ADVANCED_FACE('NONE',(#4544),#4526,.T.);
#4546=CARTESIAN_POINT('',(-49.,2.,18.896727301));
#4547=DIRECTION('',(-1.,0.,0.));
#4548=DIRECTION('',(0.,0.,1.));
#4549=AXIS2_PLACEMENT_3D('',#4546,#4547,#4548);
#4550=CYLINDRICAL_SURFACE('',#4549,2.);
#4551=ORIENTED_EDGE('',*,*,#2741,.F.);
#4552=CARTESIAN_POINT('',(-49.,1.,17.164676493));
#4553=VERTEX_POINT('',#4552);
#4554=CARTESIAN_POINT('',(-49.,1.,17.164676493));
#4555=DIRECTION('',(-1.,-0.,0.));
#4556=VECTOR('',#4555,4.25);
#4557=LINE('',#4554,#4556);
#4558=EDGE_CURVE('NONE',#4553,#2727,#4557,.T.);
#4559=ORIENTED_EDGE('',*,*,#4558,.F.);
#4560=CARTESIAN_POINT('',(-49.,2.,18.896727301));
#4561=DIRECTION('',(-1.,0.,0.));
#4562=DIRECTION('',(0.,0.,1.));
#4563=AXIS2_PLACEMENT_3D('',#4560,#4561,#4562);
#4564=CIRCLE('',#4563,2.);
#4565=EDGE_CURVE('NONE',#4553,#4529,#4564,.T.);
#4566=ORIENTED_EDGE('',*,*,#4565,.T.);
#4567=ORIENTED_EDGE('',*,*,#4534,.T.);
#4568=EDGE_LOOP('',(#4551,#4559,#4566,#4567));
#4569=FACE_BOUND('',#4568,.T.);
#4570=ADVANCED_FACE('NONE',(#4569),#4550,.T.);
#4571=CARTESIAN_POINT('',(-49.,3.79678796,15.549950211));
#4572=DIRECTION('',(0.,-0.5,-0.866025404));
#4573=DIRECTION('',(0.,0.866025404,-0.5));
#4574=AXIS2_PLACEMENT_3D('',#4571,#4572,#4573);
#4575=PLANE('',#4574);
#4576=ORIENTED_EDGE('',*,*,#2732,.F.);
#4577=CARTESIAN_POINT('',(-49.,3.79678796,15.549950211));
#4578=VERTEX_POINT('',#4577);
#4579=CARTESIAN_POINT('',(-49.,3.79678796,15.549950211));
#4580=DIRECTION('',(-1.,0.,0.));
#4581=VECTOR('',#4580,4.25);
#4582=LINE('',#4579,#4581);
#4583=EDGE_CURVE('NONE',#4578,#2718,#4582,.T.);
#4584=ORIENTED_EDGE('',*,*,#4583,.F.);
#4585=CARTESIAN_POINT('',(-49.,3.79678796,15.549950211));
#4586=DIRECTION('',(-0.,-0.866025404,0.5));
#4587=VECTOR('',#4586,3.229452564);
#4588=LINE('',#4585,#4587);
#4589=EDGE_CURVE('NONE',#4578,#4553,#4588,.T.);
#4590=ORIENTED_EDGE('',*,*,#4589,.T.);
#4591=ORIENTED_EDGE('',*,*,#4558,.T.);
#4592=EDGE_LOOP('',(#4576,#4584,#4590,#4591));
#4593=FACE_BOUND('',#4592,.T.);
#4594=ADVANCED_FACE('NONE',(#4593),#4575,.T.);
#4595=CARTESIAN_POINT('',(-49.,4.04678796,15.982962913));
#4596=DIRECTION('',(-1.,0.,0.));
#4597=DIRECTION('',(0.,0.,1.));
#4598=AXIS2_PLACEMENT_3D('',#4595,#4596,#4597);
#4599=CYLINDRICAL_SURFACE('',#4598,0.5);
#4600=ORIENTED_EDGE('',*,*,#2724,.F.);
#4601=CARTESIAN_POINT('',(-49.,4.479800662,15.732962913));
#4602=VERTEX_POINT('',#4601);
#4603=CARTESIAN_POINT('',(-49.,4.479800662,15.732962913));
#4604=DIRECTION('',(-1.,-0.,0.));
#4605=VECTOR('',#4604,4.25);
#4606=LINE('',#4603,#4605);
#4607=EDGE_CURVE('NONE',#4602,#2710,#4606,.T.);
#4608=ORIENTED_EDGE('',*,*,#4607,.F.);
#4609=CARTESIAN_POINT('',(-49.,4.04678796,15.982962913));
#4610=DIRECTION('',(-1.,0.,0.));
#4611=DIRECTION('',(0.,0.,1.));
#4612=AXIS2_PLACEMENT_3D('',#4609,#4610,#4611);
#4613=CIRCLE('',#4612,0.5);
#4614=EDGE_CURVE('NONE',#4602,#4578,#4613,.T.);
#4615=ORIENTED_EDGE('',*,*,#4614,.T.);
#4616=ORIENTED_EDGE('',*,*,#4583,.T.);
#4617=EDGE_LOOP('',(#4600,#4608,#4615,#4616));
#4618=FACE_BOUND('',#4617,.T.);
#4619=ADVANCED_FACE('NONE',(#4618),#4599,.T.);
#4620=CARTESIAN_POINT('',(-49.,5.5,17.5));
#4621=DIRECTION('',(0.,0.866025404,-0.5));
#4622=DIRECTION('',(0.,0.5,0.866025404));
#4623=AXIS2_PLACEMENT_3D('',#4620,#4621,#4622);
#4624=PLANE('',#4623);
#4625=ORIENTED_EDGE('',*,*,#2715,.F.);
#4626=CARTESIAN_POINT('',(-49.,5.5,17.5));
#4627=VERTEX_POINT('',#4626);
#4628=CARTESIAN_POINT('',(-49.,5.5,17.5));
#4629=DIRECTION('',(-1.,0.,0.));
#4630=VECTOR('',#4629,4.25);
#4631=LINE('',#4628,#4630);
#4632=EDGE_CURVE('NONE',#4627,#2702,#4631,.T.);
#4633=ORIENTED_EDGE('',*,*,#4632,.F.);
#4634=CARTESIAN_POINT('',(-49.,5.5,17.5));
#4635=DIRECTION('',(-0.,-0.5,-0.866025404));
#4636=VECTOR('',#4635,2.040398676);
#4637=LINE('',#4634,#4636);
#4638=EDGE_CURVE('NONE',#4627,#4602,#4637,.T.);
#4639=ORIENTED_EDGE('',*,*,#4638,.T.);
#4640=ORIENTED_EDGE('',*,*,#4607,.T.);
#4641=EDGE_LOOP('',(#4625,#4633,#4639,#4640));
#4642=FACE_BOUND('',#4641,.T.);
#4643=ADVANCED_FACE('NONE',(#4642),#4624,.T.);
#4644=CARTESIAN_POINT('',(-49.,6.5,17.5));
#4645=DIRECTION('',(0.,0.,-1.));
#4646=DIRECTION('',(-1.,0.,0.));
#4647=AXIS2_PLACEMENT_3D('',#4644,#4645,#4646);
#4648=PLANE('',#4647);
#4649=ORIENTED_EDGE('',*,*,#2707,.F.);
#4650=ORIENTED_EDGE('',*,*,#1677,.F.);
#4651=CARTESIAN_POINT('',(-49.,6.5,17.5));
#4652=DIRECTION('',(-0.,-1.,-0.));
#4653=VECTOR('',#4652,1.);
#4654=LINE('',#4651,#4653);
#4655=EDGE_CURVE('NONE',#1670,#4627,#4654,.T.);
#4656=ORIENTED_EDGE('',*,*,#4655,.T.);
#4657=ORIENTED_EDGE('',*,*,#4632,.T.);
#4658=EDGE_LOOP('',(#4649,#4650,#4656,#4657));
#4659=FACE_BOUND('',#4658,.T.);
#4660=ADVANCED_FACE('NONE',(#4659),#4648,.T.);
#4661=CARTESIAN_POINT('',(-49.,4.04678796,15.982962913));
#4662=DIRECTION('',(1.,0.,0.));
#4663=DIRECTION('',(0.,0.,1.));
#4664=AXIS2_PLACEMENT_3D('',#4661,#4662,#4663);
#4665=PLANE('',#4664);
#4666=ORIENTED_EDGE('',*,*,#4516,.F.);
#4667=ORIENTED_EDGE('',*,*,#4540,.F.);
#4668=ORIENTED_EDGE('',*,*,#4565,.F.);
#4669=ORIENTED_EDGE('',*,*,#4589,.F.);
#4670=ORIENTED_EDGE('',*,*,#4614,.F.);
#4671=ORIENTED_EDGE('',*,*,#4638,.F.);
#4672=ORIENTED_EDGE('',*,*,#4655,.F.);
#4673=ORIENTED_EDGE('',*,*,#2154,.F.);
#4674=EDGE_LOOP('',(#4666,#4667,#4668,#4669,#4670,#4671,#4672,#4673));
#4675=FACE_BOUND('',#4674,.T.);
#4676=ADVANCED_FACE('NONE',(#4675),#4665,.T.);
#4677=CARTESIAN_POINT('',(-58.664213562,-0.335786438,46.));
#4678=DIRECTION('',(0.707106781,0.707106781,0.));
#4679=DIRECTION('',(-0.707106781,0.707106781,0.));
#4680=AXIS2_PLACEMENT_3D('',#4677,#4678,#4679);
#4681=CYLINDRICAL_SURFACE('',#4680,2.);
#4682=ORIENTED_EDGE('',*,*,#2147,.F.);
#4683=CARTESIAN_POINT('',(-46.853553391,8.646446609,46.));
#4684=CARTESIAN_POINT('',(-46.853553391,8.646446609,46.23570226));
#4685=CARTESIAN_POINT('',(-46.906710557,8.65404049,46.489995518));
#4686=CARTESIAN_POINT('',(-47.02731848,8.671270194,46.736189419));
#4687=CARTESIAN_POINT('',(-47.087622442,8.679885045,46.85928637));
#4688=CARTESIAN_POINT('',(-47.164467656,8.690862933,46.980080633));
#4689=CARTESIAN_POINT('',(-47.256968918,8.704077399,47.094419507));
#4690=CARTESIAN_POINT('',(-47.349470181,8.717291865,47.20875838));
#4691=CARTESIAN_POINT('',(-47.457614836,8.732741102,47.316582489));
#4692=CARTESIAN_POINT('',(-47.578427125,8.75,47.414213562));
#4693=CARTESIAN_POINT('',(-47.820051703,8.784517797,47.609475708));
#4694=CARTESIAN_POINT('',(-48.112789787,8.826337523,47.762110682));
#4695=CARTESIAN_POINT('',(-48.417439196,8.869858867,47.859576602));
#4696=CARTESIAN_POINT('',(-48.722088606,8.913380212,47.957042522));
#4697=CARTESIAN_POINT('',(-49.036760458,8.958333333,48.));
#4698=CARTESIAN_POINT('',(-49.328427125,9.,48.));
#4699=B_SPLINE_CURVE_WITH_KNOTS('',3,(#4683,#4684,#4685,#4686,#4687,#4688,#4689,#4690,#4691,#4692,#4693,#4694,#4695,#4696,#4697,#4698),.UNSPECIFIED.,.F.,.F.,(4,3,3,3,3,4),(3.141592654,3.534291735,3.730641276,3.926990817,4.319689899,4.71238898),.UNSPECIFIED.);
#4700=EDGE_CURVE('NONE',#2136,#4288,#4699,.T.);
#4701=ORIENTED_EDGE('',*,*,#4700,.T.);
#4702=ORIENTED_EDGE('',*,*,#4293,.F.);
#4703=ORIENTED_EDGE('',*,*,#1596,.F.);
#4704=EDGE_LOOP('',(#4682,#4701,#4702,#4703));
#4705=FACE_BOUND('',#4704,.T.);
#4706=ADVANCED_FACE('NONE',(#4705),#4681,.T.);
#4707=CARTESIAN_POINT('',(-49.664213562,9.335786438,46.));
#4708=DIRECTION('',(-0.707106781,0.707106781,0.));
#4709=DIRECTION('',(-0.707106781,-0.707106781,0.));
#4710=AXIS2_PLACEMENT_3D('',#4707,#4708,#4709);
#4711=CYLINDRICAL_SURFACE('',#4710,2.);
#4712=ORIENTED_EDGE('',*,*,#4299,.F.);
#4713=CARTESIAN_POINT('',(-49.328427125,9.,48.));
#4714=CARTESIAN_POINT('',(-49.036760458,9.041666667,48.));
#4715=CARTESIAN_POINT('',(-48.722088606,9.086619788,47.957042522));
#4716=CARTESIAN_POINT('',(-48.417439196,9.130141133,47.859576602));
#4717=CARTESIAN_POINT('',(-48.112789787,9.173662477,47.762110682));
#4718=CARTESIAN_POINT('',(-47.820051703,9.215482203,47.609475708));
#4719=CARTESIAN_POINT('',(-47.578427125,9.25,47.414213562));
#4720=CARTESIAN_POINT('',(-47.457614836,9.267258898,47.316582489));
#4721=CARTESIAN_POINT('',(-47.349470181,9.282708135,47.20875838));
#4722=CARTESIAN_POINT('',(-47.256968918,9.295922601,47.094419507));
#4723=CARTESIAN_POINT('',(-47.164467656,9.309137067,46.980080633));
#4724=CARTESIAN_POINT('',(-47.087622442,9.320114955,46.85928637));
#4725=CARTESIAN_POINT('',(-47.02731848,9.328729806,46.736189419));
#4726=CARTESIAN_POINT('',(-46.906710557,9.34595951,46.489995518));
#4727=CARTESIAN_POINT('',(-46.853553391,9.353553391,46.23570226));
#4728=CARTESIAN_POINT('',(-46.853553391,9.353553391,46.));
#4729=B_SPLINE_CURVE_WITH_KNOTS('',3,(#4713,#4714,#4715,#4716,#4717,#4718,#4719,#4720,#4721,#4722,#4723,#4724,#4725,#4726,#4727,#4728),.UNSPECIFIED.,.F.,.F.,(4,3,3,3,3,4),(1.570796327,1.963495408,2.35619449,2.552544031,2.748893572,3.141592654),.UNSPECIFIED.);
#4730=EDGE_CURVE('NONE',#4288,#2168,#4729,.T.);
#4731=ORIENTED_EDGE('',*,*,#4730,.T.);
#4732=ORIENTED_EDGE('',*,*,#2173,.F.);
#4733=ORIENTED_EDGE('',*,*,#2660,.F.);
#4734=EDGE_LOOP('',(#4712,#4731,#4732,#4733));
#4735=FACE_BOUND('',#4734,.T.);
#4736=ADVANCED_FACE('NONE',(#4735),#4711,.T.);
#4737=CARTESIAN_POINT('',(-59.335786438,-0.335786438,46.));
#4738=DIRECTION('',(0.707106781,-0.707106781,0.));
#4739=DIRECTION('',(0.707106781,0.707106781,0.));
#4740=AXIS2_PLACEMENT_3D('',#4737,#4738,#4739);
#4741=CYLINDRICAL_SURFACE('',#4740,2.);
#4742=ORIENTED_EDGE('',*,*,#4314,.F.);
#4743=CARTESIAN_POINT('',(-68.671572875,9.,48.));
#4744=CARTESIAN_POINT('',(-68.963239542,8.958333333,48.));
#4745=CARTESIAN_POINT('',(-69.277911394,8.913380212,47.957042522));
#4746=CARTESIAN_POINT('',(-69.582560804,8.869858867,47.859576602));
#4747=CARTESIAN_POINT('',(-69.887210213,8.826337523,47.762110682));
#4748=CARTESIAN_POINT('',(-70.179948297,8.784517797,47.609475708));
#4749=CARTESIAN_POINT('',(-70.421572875,8.75,47.414213562));
#4750=CARTESIAN_POINT('',(-70.542385164,8.732741102,47.316582489));
#4751=CARTESIAN_POINT('',(-70.650529819,8.717291865,47.20875838));
#4752=CARTESIAN_POINT('',(-70.743031082,8.704077399,47.094419507));
#4753=CARTESIAN_POINT('',(-70.835532344,8.690862933,46.980080633));
#4754=CARTESIAN_POINT('',(-70.912377558,8.679885045,46.85928637));
#4755=CARTESIAN_POINT('',(-70.97268152,8.671270194,46.736189419));
#4756=CARTESIAN_POINT('',(-71.093289443,8.65404049,46.489995518));
#4757=CARTESIAN_POINT('',(-71.146446609,8.646446609,46.23570226));
#4758=CARTESIAN_POINT('',(-71.146446609,8.646446609,46.));
#4759=B_SPLINE_CURVE_WITH_KNOTS('',3,(#4743,#4744,#4745,#4746,#4747,#4748,#4749,#4750,#4751,#4752,#4753,#4754,#4755,#4756,#4757,#4758),.UNSPECIFIED.,.F.,.F.,(4,3,3,3,3,4),(4.71238898,5.105088062,5.497787144,5.694136685,5.890486225,6.283185307),.UNSPECIFIED.);
#4760=EDGE_CURVE('NONE',#4303,#3448,#4759,.T.);
#4761=ORIENTED_EDGE('',*,*,#4760,.T.);
#4762=ORIENTED_EDGE('',*,*,#3453,.F.);
#4763=ORIENTED_EDGE('',*,*,#1613,.F.);
#4764=EDGE_LOOP('',(#4742,#4761,#4762,#4763));
#4765=FACE_BOUND('',#4764,.T.);
#4766=ADVANCED_FACE('NONE',(#4765),#4741,.T.);
#4767=CARTESIAN_POINT('',(-68.335786438,9.335786438,46.));
#4768=DIRECTION('',(-0.707106781,-0.707106781,0.));
#4769=DIRECTION('',(0.707106781,-0.707106781,0.));
#4770=AXIS2_PLACEMENT_3D('',#4767,#4768,#4769);
#4771=CYLINDRICAL_SURFACE('',#4770,2.);
#4772=ORIENTED_EDGE('',*,*,#3436,.F.);
#4773=CARTESIAN_POINT('',(-71.146446609,9.353553391,46.));
#4774=CARTESIAN_POINT('',(-71.146446609,9.353553391,46.23570226));
#4775=CARTESIAN_POINT('',(-71.093289443,9.34595951,46.489995518));
#4776=CARTESIAN_POINT('',(-70.97268152,9.328729806,46.736189419));
#4777=CARTESIAN_POINT('',(-70.912377558,9.320114955,46.85928637));
#4778=CARTESIAN_POINT('',(-70.835532344,9.309137067,46.980080633));
#4779=CARTESIAN_POINT('',(-70.743031082,9.295922601,47.094419507));
#4780=CARTESIAN_POINT('',(-70.650529819,9.282708135,47.20875838));
#4781=CARTESIAN_POINT('',(-70.542385164,9.267258898,47.316582489));
#4782=CARTESIAN_POINT('',(-70.421572875,9.25,47.414213562));
#4783=CARTESIAN_POINT('',(-70.179948297,9.215482203,47.609475708));
#4784=CARTESIAN_POINT('',(-69.887210213,9.173662477,47.762110682));
#4785=CARTESIAN_POINT('',(-69.582560804,9.130141133,47.859576602));
#4786=CARTESIAN_POINT('',(-69.277911394,9.086619788,47.957042522));
#4787=CARTESIAN_POINT('',(-68.963239542,9.041666667,48.));
#4788=CARTESIAN_POINT('',(-68.671572875,9.,48.));
#4789=B_SPLINE_CURVE_WITH_KNOTS('',3,(#4773,#4774,#4775,#4776,#4777,#4778,#4779,#4780,#4781,#4782,#4783,#4784,#4785,#4786,#4787,#4788),.UNSPECIFIED.,.F.,.F.,(4,3,3,3,3,4),(0.,0.392699082,0.589048623,0.785398163,1.178097245,1.570796327),.UNSPECIFIED.);
#4790=EDGE_CURVE('NONE',#433,#4303,#4789,.T.);
#4791=ORIENTED_EDGE('',*,*,#4790,.T.);
#4792=ORIENTED_EDGE('',*,*,#4308,.F.);
#4793=ORIENTED_EDGE('',*,*,#2684,.F.);
#4794=EDGE_LOOP('',(#4772,#4791,#4792,#4793));
#4795=FACE_BOUND('',#4794,.T.);
#4796=ADVANCED_FACE('NONE',(#4795),#4771,.T.);
#4797=CARTESIAN_POINT('',(-56.54255,7.,-21.4));
#4798=DIRECTION('',(0.,1.,0.));
#4799=DIRECTION('',(0.,0.,1.));
#4800=AXIS2_PLACEMENT_3D('',#4797,#4798,#4799);
#4801=PLANE('',#4800);
#4802=ORIENTED_EDGE('',*,*,#592,.F.);
#4803=ORIENTED_EDGE('',*,*,#599,.F.);
#4804=EDGE_LOOP('',(#4802,#4803));
#4805=FACE_BOUND('',#4804,.T.);
#4806=ORIENTED_EDGE('',*,*,#691,.T.);
#4807=EDGE_LOOP('',(#4806));
#4808=FACE_BOUND('',#4807,.T.);
#4809=ADVANCED_FACE('NONE',(#4805,#4808),#4801,.F.);
#4810=CARTESIAN_POINT('',(-56.54255,7.,29.4));
#4811=DIRECTION('',(0.,1.,0.));
#4812=DIRECTION('',(0.,0.,1.));
#4813=AXIS2_PLACEMENT_3D('',#4810,#4811,#4812);
#4814=PLANE('',#4813);
#4815=ORIENTED_EDGE('',*,*,#541,.F.);
#4816=ORIENTED_EDGE('',*,*,#548,.F.);
#4817=EDGE_LOOP('',(#4815,#4816));
#4818=FACE_BOUND('',#4817,.T.);
#4819=ORIENTED_EDGE('',*,*,#514,.T.);
#4820=EDGE_LOOP('',(#4819));
#4821=FACE_BOUND('',#4820,.T.);
#4822=ADVANCED_FACE('NONE',(#4818,#4821),#4814,.F.);
#4823=CARTESIAN_POINT('',(-89.1625,9.,42.));
#4824=DIRECTION('',(0.,0.342020143,0.939692621));
#4825=DIRECTION('',(1.,-0.,-0.));
#4826=AXIS2_PLACEMENT_3D('',#4823,#4824,#4825);
#4827=PLANE('',#4826);
#4828=ORIENTED_EDGE('',*,*,#4102,.F.);
#4829=ORIENTED_EDGE('',*,*,#2225,.F.);
#4830=ORIENTED_EDGE('',*,*,#2827,.F.);
#4831=ORIENTED_EDGE('',*,*,#1272,.F.);
#4832=EDGE_LOOP('',(#4828,#4829,#4830,#4831));
#4833=FACE_BOUND('',#4832,.T.);
#4834=ADVANCED_FACE('NONE',(#4833),#4827,.T.);
#4835=CARTESIAN_POINT('',(-53.25,12.,44.091910703));
#4836=DIRECTION('',(0.,0.342020143,-0.939692621));
#4837=DIRECTION('',(1.,-0.,0.));
#4838=AXIS2_PLACEMENT_3D('',#4835,#4836,#4837);
#4839=PLANE('',#4838);
#4840=ORIENTED_EDGE('',*,*,#2770,.F.);
#4841=ORIENTED_EDGE('',*,*,#4330,.F.);
#4842=ORIENTED_EDGE('',*,*,#3543,.F.);
#4843=ORIENTED_EDGE('',*,*,#2448,.F.);
#4844=EDGE_LOOP('',(#4840,#4841,#4842,#4843));
#4845=FACE_BOUND('',#4844,.T.);
#4846=ADVANCED_FACE('NONE',(#4845),#4839,.T.);
#4847=CARTESIAN_POINT('',(-37.25,12.,40.));
#4848=DIRECTION('',(0.,-1.,0.));
#4849=DIRECTION('',(0.,0.,-1.));
#4850=AXIS2_PLACEMENT_3D('',#4847,#4848,#4849);
#4851=CYLINDRICAL_SURFACE('',#4850,2.);
#4852=ORIENTED_EDGE('',*,*,#1394,.F.);
#4853=ORIENTED_EDGE('',*,*,#1343,.F.);
#4854=ORIENTED_EDGE('',*,*,#1088,.F.);
#4855=ORIENTED_EDGE('',*,*,#3716,.F.);
#4856=EDGE_LOOP('',(#4852,#4853,#4854,#4855));
#4857=FACE_BOUND('',#4856,.T.);
#4858=ADVANCED_FACE('NONE',(#4857),#4851,.T.);
#4859=CARTESIAN_POINT('',(-80.75,12.,40.));
#4860=DIRECTION('',(0.,-1.,0.));
#4861=DIRECTION('',(0.,0.,-1.));
#4862=AXIS2_PLACEMENT_3D('',#4859,#4860,#4861);
#4863=CYLINDRICAL_SURFACE('',#4862,2.);
#4864=ORIENTED_EDGE('',*,*,#1443,.F.);
#4865=ORIENTED_EDGE('',*,*,#3805,.F.);
#4866=ORIENTED_EDGE('',*,*,#1105,.F.);
#4867=ORIENTED_EDGE('',*,*,#1334,.F.);
#4868=EDGE_LOOP('',(#4864,#4865,#4866,#4867));
#4869=FACE_BOUND('',#4868,.T.);
#4870=ADVANCED_FACE('NONE',(#4869),#4863,.T.);
#4871=CARTESIAN_POINT('',(-37.25,12.,-29.));
#4872=DIRECTION('',(0.,-1.,0.));
#4873=DIRECTION('',(0.,0.,-1.));
#4874=AXIS2_PLACEMENT_3D('',#4871,#4872,#4873);
#4875=CYLINDRICAL_SURFACE('',#4874,2.);
#4876=ORIENTED_EDGE('',*,*,#1411,.F.);
#4877=ORIENTED_EDGE('',*,*,#3768,.F.);
#4878=ORIENTED_EDGE('',*,*,#1053,.F.);
#4879=ORIENTED_EDGE('',*,*,#3783,.F.);
#4880=EDGE_LOOP('',(#4876,#4877,#4878,#4879));
#4881=FACE_BOUND('',#4880,.T.);
#4882=ADVANCED_FACE('NONE',(#4881),#4875,.T.);
#4883=CARTESIAN_POINT('',(-80.75,12.,-29.));
#4884=DIRECTION('',(0.,-1.,0.));
#4885=DIRECTION('',(0.,0.,-1.));
#4886=AXIS2_PLACEMENT_3D('',#4883,#4884,#4885);
#4887=CYLINDRICAL_SURFACE('',#4886,2.);
#4888=ORIENTED_EDGE('',*,*,#1428,.F.);
#4889=ORIENTED_EDGE('',*,*,#3790,.F.);
#4890=ORIENTED_EDGE('',*,*,#1038,.F.);
#4891=ORIENTED_EDGE('',*,*,#3812,.F.);
#4892=EDGE_LOOP('',(#4888,#4889,#4890,#4891));
#4893=FACE_BOUND('',#4892,.T.);
#4894=ADVANCED_FACE('NONE',(#4893),#4887,.T.);
#4895=CARTESIAN_POINT('',(-47.207106781,9.,52.707037384));
#4896=DIRECTION('',(0.,0.,-1.));
#4897=DIRECTION('',(-1.,0.,0.));
#4898=AXIS2_PLACEMENT_3D('',#4895,#4896,#4897);
#4899=CYLINDRICAL_SURFACE('',#4898,0.5);
#4900=ORIENTED_EDGE('',*,*,#2787,.F.);
#4901=ORIENTED_EDGE('',*,*,#2181,.F.);
#4902=CARTESIAN_POINT('',(-47.207106781,9.,46.));
#4903=DIRECTION('',(-0.,-0.,1.));
#4904=DIRECTION('',(-1.,0.,0.));
#4905=AXIS2_PLACEMENT_3D('',#4902,#4903,#4904);
#4906=CIRCLE('',#4905,0.5);
#4907=EDGE_CURVE('NONE',#2136,#2168,#4906,.T.);
#4908=ORIENTED_EDGE('',*,*,#4907,.F.);
#4909=ORIENTED_EDGE('',*,*,#2141,.F.);
#4910=EDGE_LOOP('',(#4900,#4901,#4908,#4909));
#4911=FACE_BOUND('',#4910,.T.);
#4912=ADVANCED_FACE('NONE',(#4911),#4899,.T.);
#4913=CARTESIAN_POINT('',(-49.328427125,9.,48.));
#4914=CARTESIAN_POINT('',(-49.328427125,9.,48.));
#4915=CARTESIAN_POINT('',(-49.328427125,9.,48.));
#4916=CARTESIAN_POINT('',(-49.00440851,8.953711627,48.));
#4917=CARTESIAN_POINT('',(-49.004471825,9.,48.));
#4918=CARTESIAN_POINT('',(-49.00440851,9.046288373,48.));
#4919=CARTESIAN_POINT('',(-48.680634149,8.907458146,47.947945349));
#4920=CARTESIAN_POINT('',(-48.673061884,9.,47.959648806));
#4921=CARTESIAN_POINT('',(-48.680634149,9.092541854,47.947945349));
#4922=CARTESIAN_POINT('',(-48.08203375,8.821943804,47.747572781));
#4923=CARTESIAN_POINT('',(-48.052738034,9.,47.805002476));
#4924=CARTESIAN_POINT('',(-48.08203375,9.178056196,47.747572781));
#4925=CARTESIAN_POINT('',(-47.807501578,8.782724922,47.599333676));
#4926=CARTESIAN_POINT('',(-47.752915768,9.,47.684808969));
#4927=CARTESIAN_POINT('',(-47.807501578,9.217275078,47.599333676));
#4928=CARTESIAN_POINT('',(-47.349352672,8.717275078,47.229093449));
#4929=CARTESIAN_POINT('',(-47.213746104,9.,47.365382824));
#4930=CARTESIAN_POINT('',(-47.349352672,9.282724922,47.229093449));
#4931=CARTESIAN_POINT('',(-47.165916135,8.691069859,47.007237945));
#4932=CARTESIAN_POINT('',(-46.974810171,9.,47.157679374));
#4933=CARTESIAN_POINT('',(-47.165916135,9.308930141,47.007237945));
#4934=CARTESIAN_POINT('',(-46.917967737,8.655648659,46.523495784));
#4935=CARTESIAN_POINT('',(-46.607879693,9.,46.636949192));
#4936=CARTESIAN_POINT('',(-46.917967737,9.344351341,46.523495784));
#4937=CARTESIAN_POINT('',(-46.853553391,8.646446609,46.261846578));
#4938=CARTESIAN_POINT('',(-46.5,9.,46.33025383));
#4939=CARTESIAN_POINT('',(-46.853553391,9.353553391,46.261846578));
#4940=CARTESIAN_POINT('',(-46.853553391,8.646446609,46.));
#4941=CARTESIAN_POINT('',(-46.5,9.,46.));
#4942=CARTESIAN_POINT('',(-46.853553391,9.353553391,46.));
#4943=(BOUNDED_SURFACE()
B_SPLINE_SURFACE(3,2,((#4913,#4914,#4915),(#4916,#4917,#4918),(#4919,#4920,#4921),(#4922,#4923,#4924),(#4925,#4926,#4927),(#4928,#4929,#4930),(#4931,#4932,#4933),(#4934,#4935,#4936),(#4937,#4938,#4939),(#4940,#4941,#4942)),.UNSPECIFIED.,.F.,.F.,.U.)
B_SPLINE_SURFACE_WITH_KNOTS((4,2,2,2,4),(3,3),(1.570796327,1.963495408,2.35619449,2.748893572,3.141592654),(0.,1.),.UNSPECIFIED.)
GEOMETRIC_REPRESENTATION_ITEM()
RATIONAL_B_SPLINE_SURFACE(((1.,1.,1.),(1.,1.000158583,1.),(1.,0.986729186,1.),(1.,0.938655654,1.),(1.,0.903812884,1.),(1.,0.828237924,1.),(1.,0.787678513,1.),(1.,0.726551727,1.),(1.,0.706675766,1.),(1.,0.707106781,1.)))
REPRESENTATION_ITEM('')
SURFACE()
);
#4944=ORIENTED_EDGE('',*,*,#4730,.F.);
#4945=ORIENTED_EDGE('',*,*,#4700,.F.);
#4946=ORIENTED_EDGE('',*,*,#4907,.T.);
#4947=EDGE_LOOP('',(#4944,#4945,#4946));
#4948=FACE_BOUND('',#4947,.T.);
#4949=ADVANCED_FACE('NONE',(#4948),#4943,.T.);
#4950=CARTESIAN_POINT('',(-68.671572875,9.,48.));
#4951=CARTESIAN_POINT('',(-68.671572875,9.,48.));
#4952=CARTESIAN_POINT('',(-68.671572875,9.,48.));
#4953=CARTESIAN_POINT('',(-68.99559149,9.046288373,48.));
#4954=CARTESIAN_POINT('',(-68.995528175,9.,48.));
#4955=CARTESIAN_POINT('',(-68.99559149,8.953711627,48.));
#4956=CARTESIAN_POINT('',(-69.319365851,9.092541854,47.947945349));
#4957=CARTESIAN_POINT('',(-69.326938116,9.,47.959648806));
#4958=CARTESIAN_POINT('',(-69.319365851,8.907458146,47.947945349));
#4959=CARTESIAN_POINT('',(-69.91796625,9.178056196,47.747572781));
#4960=CARTESIAN_POINT('',(-69.947261966,9.,47.805002476));
#4961=CARTESIAN_POINT('',(-69.91796625,8.821943804,47.747572781));
#4962=CARTESIAN_POINT('',(-70.192498422,9.217275078,47.599333676));
#4963=CARTESIAN_POINT('',(-70.247084232,9.,47.684808969));
#4964=CARTESIAN_POINT('',(-70.192498422,8.782724922,47.599333676));
#4965=CARTESIAN_POINT('',(-70.650647328,9.282724922,47.229093449));
#4966=CARTESIAN_POINT('',(-70.786253896,9.,47.365382824));
#4967=CARTESIAN_POINT('',(-70.650647328,8.717275078,47.229093449));
#4968=CARTESIAN_POINT('',(-70.834083865,9.308930141,47.007237945));
#4969=CARTESIAN_POINT('',(-71.025189829,9.,47.157679374));
#4970=CARTESIAN_POINT('',(-70.834083865,8.691069859,47.007237945));
#4971=CARTESIAN_POINT('',(-71.082032263,9.344351341,46.523495784));
#4972=CARTESIAN_POINT('',(-71.392120307,9.,46.636949192));
#4973=CARTESIAN_POINT('',(-71.082032263,8.655648659,46.523495784));
#4974=CARTESIAN_POINT('',(-71.146446609,9.353553391,46.261846578));
#4975=CARTESIAN_POINT('',(-71.5,9.,46.33025383));
#4976=CARTESIAN_POINT('',(-71.146446609,8.646446609,46.261846578));
#4977=CARTESIAN_POINT('',(-71.146446609,9.353553391,46.));
#4978=CARTESIAN_POINT('',(-71.5,9.,46.));
#4979=CARTESIAN_POINT('',(-71.146446609,8.646446609,46.));
#4980=(BOUNDED_SURFACE()
B_SPLINE_SURFACE(3,2,((#4950,#4951,#4952),(#4953,#4954,#4955),(#4956,#4957,#4958),(#4959,#4960,#4961),(#4962,#4963,#4964),(#4965,#4966,#4967),(#4968,#4969,#4970),(#4971,#4972,#4973),(#4974,#4975,#4976),(#4977,#4978,#4979)),.UNSPECIFIED.,.F.,.F.,.U.)
B_SPLINE_SURFACE_WITH_KNOTS((4,2,2,2,4),(3,3),(4.71238898,5.105088062,5.497787144,5.890486225,6.283185307),(0.,1.),.UNSPECIFIED.)
GEOMETRIC_REPRESENTATION_ITEM()
RATIONAL_B_SPLINE_SURFACE(((1.,1.,1.),(1.,1.000158583,1.),(1.,0.986729186,1.),(1.,0.938655654,1.),(1.,0.903812884,1.),(1.,0.828237924,1.),(1.,0.787678513,1.),(1.,0.726551727,1.),(1.,0.706675766,1.),(1.,0.707106781,1.)))
REPRESENTATION_ITEM('')
SURFACE()
);
#4981=ORIENTED_EDGE('',*,*,#4790,.F.);
#4982=ORIENTED_EDGE('',*,*,#439,.T.);
#4983=CARTESIAN_POINT('',(-70.792893219,9.,46.));
#4984=DIRECTION('',(-0.,-0.,1.));
#4985=DIRECTION('',(-1.,0.,0.));
#4986=AXIS2_PLACEMENT_3D('',#4983,#4984,#4985);
#4987=CIRCLE('',#4986,0.5);
#4988=EDGE_CURVE('NONE',#425,#3448,#4987,.T.);
#4989=ORIENTED_EDGE('',*,*,#4988,.T.);
#4990=ORIENTED_EDGE('',*,*,#4760,.F.);
#4991=EDGE_LOOP('',(#4981,#4982,#4989,#4990));
#4992=FACE_BOUND('',#4991,.T.);
#4993=ADVANCED_FACE('NONE',(#4992),#4980,.T.);
#4994=CARTESIAN_POINT('',(-46.707106781,9.,-13.));
#4995=DIRECTION('',(0.,0.,-1.));
#4996=DIRECTION('',(-1.,0.,0.));
#4997=AXIS2_PLACEMENT_3D('',#4994,#4995,#4996);
#4998=CYLINDRICAL_SURFACE('',#4997,0.5);
#4999=ORIENTED_EDGE('',*,*,#3955,.F.);
#5000=ORIENTED_EDGE('',*,*,#3661,.F.);
#5001=ORIENTED_EDGE('',*,*,#1240,.F.);
#5002=ORIENTED_EDGE('',*,*,#1488,.F.);
#5003=EDGE_LOOP('',(#4999,#5000,#5001,#5002));
#5004=FACE_BOUND('',#5003,.T.);
#5005=ADVANCED_FACE('NONE',(#5004),#4998,.F.);
#5006=CARTESIAN_POINT('',(-69.25,-0.001,-13.));
#5007=DIRECTION('',(-1.,0.,0.));
#5008=DIRECTION('',(0.,0.,1.));
#5009=AXIS2_PLACEMENT_3D('',#5006,#5007,#5008);
#5010=PLANE('',#5009);
#5011=ORIENTED_EDGE('',*,*,#4014,.T.);
#5012=ORIENTED_EDGE('',*,*,#3971,.T.);
#5013=ORIENTED_EDGE('',*,*,#1452,.T.);
#5014=ORIENTED_EDGE('',*,*,#1320,.F.);
#5015=EDGE_LOOP('',(#5011,#5012,#5013,#5014));
#5016=FACE_BOUND('',#5015,.T.);
#5017=ADVANCED_FACE('NONE',(#5016),#5010,.F.);
#5018=CARTESIAN_POINT('',(-48.75,-0.001,-13.));
#5019=DIRECTION('',(-1.,0.,-0.));
#5020=DIRECTION('',(-0.,0.,1.));
#5021=AXIS2_PLACEMENT_3D('',#5018,#5019,#5020);
#5022=PLANE('',#5021);
#5023=ORIENTED_EDGE('',*,*,#1223,.T.);
#5024=ORIENTED_EDGE('',*,*,#1384,.F.);
#5025=ORIENTED_EDGE('',*,*,#3962,.F.);
#5026=ORIENTED_EDGE('',*,*,#1474,.F.);
#5027=EDGE_LOOP('',(#5023,#5024,#5025,#5026));
#5028=FACE_BOUND('',#5027,.T.);
#5029=ADVANCED_FACE('NONE',(#5028),#5022,.T.);
#5030=CARTESIAN_POINT('',(-40.,8.5,-8.5));
#5031=DIRECTION('',(0.,-1.,-0.));
#5032=DIRECTION('',(0.,0.,-1.));
#5033=AXIS2_PLACEMENT_3D('',#5030,#5031,#5032);
#5034=CYLINDRICAL_SURFACE('',#5033,2.4);
#5035=CARTESIAN_POINT('',(-40.,8.5,-10.9));
#5036=VERTEX_POINT('',#5035);
#5037=CARTESIAN_POINT('',(-40.,6.,-10.9));
#5038=DIRECTION('',(-0.,1.,0.));
#5039=VECTOR('',#5038,2.5);
#5040=LINE('',#5037,#5039);
#5041=EDGE_CURVE('',#289,#5036,#5040,.T.);
#5042=ORIENTED_EDGE('',*,*,#5041,.F.);
#5043=ORIENTED_EDGE('',*,*,#297,.T.);
#5044=ORIENTED_EDGE('',*,*,#304,.T.);
#5045=ORIENTED_EDGE('',*,*,#5041,.T.);
#5046=CARTESIAN_POINT('',(-42.4,8.5,-8.5));
#5047=VERTEX_POINT('',#5046);
#5048=CARTESIAN_POINT('',(-40.,8.5,-8.5));
#5049=DIRECTION('',(-0.,-1.,-0.));
#5050=DIRECTION('',(-1.,0.,0.));
#5051=AXIS2_PLACEMENT_3D('',#5048,#5049,#5050);
#5052=CIRCLE('',#5051,2.4);
#5053=EDGE_CURVE('',#5047,#5036,#5052,.T.);
#5054=ORIENTED_EDGE('',*,*,#5053,.F.);
#5055=CARTESIAN_POINT('',(-40.,8.5,-8.5));
#5056=DIRECTION('',(-0.,-1.,-0.));
#5057=DIRECTION('',(-1.,0.,0.));
#5058=AXIS2_PLACEMENT_3D('',#5055,#5056,#5057);
#5059=CIRCLE('',#5058,2.4);
#5060=EDGE_CURVE('',#5036,#5047,#5059,.T.);
#5061=ORIENTED_EDGE('',*,*,#5060,.F.);
#5062=EDGE_LOOP('',(#5042,#5043,#5044,#5045,#5054,#5061));
#5063=FACE_BOUND('',#5062,.T.);
#5064=ADVANCED_FACE('',(#5063),#5034,.F.);
#5065=CARTESIAN_POINT('',(0.,8.5,0.));
#5066=DIRECTION('',(0.,-1.,-0.));
#5067=DIRECTION('',(-1.,0.,0.));
#5068=AXIS2_PLACEMENT_3D('',#5065,#5066,#5067);
#5069=PLANE('',#5068);
#5070=ORIENTED_EDGE('',*,*,#218,.F.);
#5071=EDGE_LOOP('',(#5070));
#5072=FACE_BOUND('',#5071,.T.);
#5073=ORIENTED_EDGE('',*,*,#5053,.T.);
#5074=ORIENTED_EDGE('',*,*,#5060,.T.);
#5075=EDGE_LOOP('',(#5073,#5074));
#5076=FACE_BOUND('',#5075,.T.);
#5077=ADVANCED_FACE('',(#5072,#5076),#5069,.T.);
#5078=CARTESIAN_POINT('',(-78.,8.5,-8.5));
#5079=DIRECTION('',(0.,-1.,-0.));
#5080=DIRECTION('',(0.,0.,-1.));
#5081=AXIS2_PLACEMENT_3D('',#5078,#5079,#5080);
#5082=CYLINDRICAL_SURFACE('',#5081,2.4);
#5083=CARTESIAN_POINT('',(-78.,8.5,-10.9));
#5084=VERTEX_POINT('',#5083);
#5085=CARTESIAN_POINT('',(-78.,6.,-10.9));
#5086=DIRECTION('',(-0.,1.,0.));
#5087=VECTOR('',#5086,2.5);
#5088=LINE('',#5085,#5087);
#5089=EDGE_CURVE('',#269,#5084,#5088,.T.);
#5090=ORIENTED_EDGE('',*,*,#5089,.F.);
#5091=ORIENTED_EDGE('',*,*,#277,.T.);
#5092=ORIENTED_EDGE('',*,*,#284,.T.);
#5093=ORIENTED_EDGE('',*,*,#5089,.T.);
#5094=CARTESIAN_POINT('',(-80.4,8.5,-8.5));
#5095=VERTEX_POINT('',#5094);
#5096=CARTESIAN_POINT('',(-78.,8.5,-8.5));
#5097=DIRECTION('',(-0.,-1.,-0.));
#5098=DIRECTION('',(-1.,0.,0.));
#5099=AXIS2_PLACEMENT_3D('',#5096,#5097,#5098);
#5100=CIRCLE('',#5099,2.4);
#5101=EDGE_CURVE('',#5095,#5084,#5100,.T.);
#5102=ORIENTED_EDGE('',*,*,#5101,.F.);
#5103=CARTESIAN_POINT('',(-78.,8.5,-8.5));
#5104=DIRECTION('',(-0.,-1.,-0.));
#5105=DIRECTION('',(-1.,0.,0.));
#5106=AXIS2_PLACEMENT_3D('',#5103,#5104,#5105);
#5107=CIRCLE('',#5106,2.4);
#5108=EDGE_CURVE('',#5084,#5095,#5107,.T.);
#5109=ORIENTED_EDGE('',*,*,#5108,.F.);
#5110=EDGE_LOOP('',(#5090,#5091,#5092,#5093,#5102,#5109));
#5111=FACE_BOUND('',#5110,.T.);
#5112=ADVANCED_FACE('',(#5111),#5082,.F.);
#5113=CARTESIAN_POINT('',(0.,8.5,0.));
#5114=DIRECTION('',(0.,-1.,-0.));
#5115=DIRECTION('',(-1.,0.,0.));
#5116=AXIS2_PLACEMENT_3D('',#5113,#5114,#5115);
#5117=PLANE('',#5116);
#5118=ORIENTED_EDGE('',*,*,#176,.F.);
#5119=EDGE_LOOP('',(#5118));
#5120=FACE_BOUND('',#5119,.T.);
#5121=ORIENTED_EDGE('',*,*,#5101,.T.);
#5122=ORIENTED_EDGE('',*,*,#5108,.T.);
#5123=EDGE_LOOP('',(#5121,#5122));
#5124=FACE_BOUND('',#5123,.T.);
#5125=ADVANCED_FACE('',(#5120,#5124),#5117,.T.);
#5126=CARTESIAN_POINT('',(-78.,8.5,19.5));
#5127=DIRECTION('',(0.,-1.,-0.));
#5128=DIRECTION('',(0.,0.,-1.));
#5129=AXIS2_PLACEMENT_3D('',#5126,#5127,#5128);
#5130=CYLINDRICAL_SURFACE('',#5129,2.4);
#5131=CARTESIAN_POINT('',(-78.,8.5,17.1));
#5132=VERTEX_POINT('',#5131);
#5133=CARTESIAN_POINT('',(-78.,6.,17.1));
#5134=DIRECTION('',(-0.,1.,0.));
#5135=VECTOR('',#5134,2.5);
#5136=LINE('',#5133,#5135);
#5137=EDGE_CURVE('',#249,#5132,#5136,.T.);
#5138=ORIENTED_EDGE('',*,*,#5137,.F.);
#5139=ORIENTED_EDGE('',*,*,#257,.T.);
#5140=ORIENTED_EDGE('',*,*,#264,.T.);
#5141=ORIENTED_EDGE('',*,*,#5137,.T.);
#5142=CARTESIAN_POINT('',(-80.4,8.5,19.5));
#5143=VERTEX_POINT('',#5142);
#5144=CARTESIAN_POINT('',(-78.,8.5,19.5));
#5145=DIRECTION('',(-0.,-1.,-0.));
#5146=DIRECTION('',(-1.,0.,0.));
#5147=AXIS2_PLACEMENT_3D('',#5144,#5145,#5146);
#5148=CIRCLE('',#5147,2.4);
#5149=EDGE_CURVE('',#5143,#5132,#5148,.T.);
#5150=ORIENTED_EDGE('',*,*,#5149,.F.);
#5151=CARTESIAN_POINT('',(-78.,8.5,19.5));
#5152=DIRECTION('',(-0.,-1.,-0.));
#5153=DIRECTION('',(-1.,0.,0.));
#5154=AXIS2_PLACEMENT_3D('',#5151,#5152,#5153);
#5155=CIRCLE('',#5154,2.4);
#5156=EDGE_CURVE('',#5132,#5143,#5155,.T.);
#5157=ORIENTED_EDGE('',*,*,#5156,.F.);
#5158=EDGE_LOOP('',(#5138,#5139,#5140,#5141,#5150,#5157));
#5159=FACE_BOUND('',#5158,.T.);
#5160=ADVANCED_FACE('',(#5159),#5130,.F.);
#5161=CARTESIAN_POINT('',(0.,8.5,0.));
#5162=DIRECTION('',(0.,-1.,-0.));
#5163=DIRECTION('',(-1.,0.,0.));
#5164=AXIS2_PLACEMENT_3D('',#5161,#5162,#5163);
#5165=PLANE('',#5164);
#5166=ORIENTED_EDGE('',*,*,#5149,.T.);
#5167=ORIENTED_EDGE('',*,*,#5156,.T.);
#5168=EDGE_LOOP('',(#5166,#5167));
#5169=FACE_BOUND('',#5168,.T.);
#5170=ORIENTED_EDGE('',*,*,#134,.T.);
#5171=EDGE_LOOP('',(#5170));
#5172=FACE_BOUND('',#5171,.T.);
#5173=ADVANCED_FACE('',(#5169,#5172),#5165,.T.);
#5174=CARTESIAN_POINT('',(-40.,8.5,19.5));
#5175=DIRECTION('',(0.,-1.,-0.));
#5176=DIRECTION('',(0.,0.,-1.));
#5177=AXIS2_PLACEMENT_3D('',#5174,#5175,#5176);
#5178=CYLINDRICAL_SURFACE('',#5177,2.4);
#5179=CARTESIAN_POINT('',(-40.,8.5,17.1));
#5180=VERTEX_POINT('',#5179);
#5181=CARTESIAN_POINT('',(-40.,6.,17.1));
#5182=DIRECTION('',(-0.,1.,0.));
#5183=VECTOR('',#5182,2.5);
#5184=LINE('',#5181,#5183);
#5185=EDGE_CURVE('',#229,#5180,#5184,.T.);
#5186=ORIENTED_EDGE('',*,*,#5185,.F.);
#5187=ORIENTED_EDGE('',*,*,#237,.T.);
#5188=ORIENTED_EDGE('',*,*,#244,.T.);
#5189=ORIENTED_EDGE('',*,*,#5185,.T.);
#5190=CARTESIAN_POINT('',(-42.4,8.5,19.5));
#5191=VERTEX_POINT('',#5190);
#5192=CARTESIAN_POINT('',(-40.,8.5,19.5));
#5193=DIRECTION('',(-0.,-1.,-0.));
#5194=DIRECTION('',(-1.,0.,0.));
#5195=AXIS2_PLACEMENT_3D('',#5192,#5193,#5194);
#5196=CIRCLE('',#5195,2.4);
#5197=EDGE_CURVE('',#5191,#5180,#5196,.T.);
#5198=ORIENTED_EDGE('',*,*,#5197,.F.);
#5199=CARTESIAN_POINT('',(-40.,8.5,19.5));
#5200=DIRECTION('',(-0.,-1.,-0.));
#5201=DIRECTION('',(-1.,0.,0.));
#5202=AXIS2_PLACEMENT_3D('',#5199,#5200,#5201);
#5203=CIRCLE('',#5202,2.4);
#5204=EDGE_CURVE('',#5180,#5191,#5203,.T.);
#5205=ORIENTED_EDGE('',*,*,#5204,.F.);
#5206=EDGE_LOOP('',(#5186,#5187,#5188,#5189,#5198,#5205));
#5207=FACE_BOUND('',#5206,.T.);
#5208=ADVANCED_FACE('',(#5207),#5178,.F.);
#5209=CARTESIAN_POINT('',(0.,8.5,0.));
#5210=DIRECTION('',(0.,-1.,-0.));
#5211=DIRECTION('',(-1.,0.,0.));
#5212=AXIS2_PLACEMENT_3D('',#5209,#5210,#5211);
#5213=PLANE('',#5212);
#5214=ORIENTED_EDGE('',*,*,#92,.F.);
#5215=EDGE_LOOP('',(#5214));
#5216=FACE_BOUND('',#5215,.T.);
#5217=ORIENTED_EDGE('',*,*,#5197,.T.);
#5218=ORIENTED_EDGE('',*,*,#5204,.T.);
#5219=EDGE_LOOP('',(#5217,#5218));
#5220=FACE_BOUND('',#5219,.T.);
#5221=ADVANCED_FACE('',(#5216,#5220),#5213,.T.);
#5222=CARTESIAN_POINT('',(-71.292893219,9.,-13.));
#5223=DIRECTION('',(0.,0.,-1.));
#5224=DIRECTION('',(-1.,0.,0.));
#5225=AXIS2_PLACEMENT_3D('',#5222,#5223,#5224);
#5226=CYLINDRICAL_SURFACE('',#5225,0.5);
#5227=ORIENTED_EDGE('',*,*,#388,.T.);
#5228=ORIENTED_EDGE('',*,*,#1303,.F.);
#5229=ORIENTED_EDGE('',*,*,#3628,.F.);
#5230=ORIENTED_EDGE('',*,*,#3985,.F.);
#5231=EDGE_LOOP('',(#5227,#5228,#5229,#5230));
#5232=FACE_BOUND('',#5231,.T.);
#5233=ADVANCED_FACE('NONE',(#5232),#5226,.F.);
#5234=CARTESIAN_POINT('',(-70.792893219,9.,52.707037384));
#5235=DIRECTION('',(0.,0.,-1.));
#5236=DIRECTION('',(-1.,0.,0.));
#5237=AXIS2_PLACEMENT_3D('',#5234,#5235,#5236);
#5238=CYLINDRICAL_SURFACE('',#5237,0.5);
#5239=ORIENTED_EDGE('',*,*,#430,.F.);
#5240=ORIENTED_EDGE('',*,*,#2804,.F.);
#5241=ORIENTED_EDGE('',*,*,#3459,.F.);
#5242=ORIENTED_EDGE('',*,*,#4988,.F.);
#5243=EDGE_LOOP('',(#5239,#5240,#5241,#5242));
#5244=FACE_BOUND('',#5243,.T.);
#5245=ADVANCED_FACE('NONE',(#5244),#5238,.T.);
#5246=CARTESIAN_POINT('',(-69.,4.04678796,15.982962913));
#5247=DIRECTION('',(1.,0.,0.));
#5248=DIRECTION('',(0.,0.,-1.));
#5249=AXIS2_PLACEMENT_3D('',#5246,#5247,#5248);
#5250=CYLINDRICAL_SURFACE('',#5249,0.5);
#5251=ORIENTED_EDGE('',*,*,#709,.F.);
#5252=ORIENTED_EDGE('',*,*,#3517,.T.);
#5253=ORIENTED_EDGE('',*,*,#4428,.F.);
#5254=ORIENTED_EDGE('',*,*,#4490,.F.);
#5255=EDGE_LOOP('',(#5251,#5252,#5253,#5254));
#5256=FACE_BOUND('',#5255,.T.);
#5257=ADVANCED_FACE('NONE',(#5256),#5250,.T.);
#5258=CARTESIAN_POINT('',(-61.25,-36.323037024,20.125));
#5259=DIRECTION('',(-0.,1.,0.));
#5260=DIRECTION('',(-1.,-0.,0.));
#5261=AXIS2_PLACEMENT_3D('',#5258,#5259,#5260);
#5262=CYLINDRICAL_SURFACE('',#5261,0.875);
#5263=ORIENTED_EDGE('',*,*,#751,.T.);
#5264=ORIENTED_EDGE('',*,*,#1875,.F.);
#5265=ORIENTED_EDGE('',*,*,#3394,.T.);
#5266=ORIENTED_EDGE('',*,*,#2249,.T.);
#5267=EDGE_LOOP('',(#5263,#5264,#5265,#5266));
#5268=FACE_BOUND('',#5267,.T.);
#5269=ADVANCED_FACE('NONE',(#5268),#5262,.F.);
#5270=CARTESIAN_POINT('',(-61.25,-36.323037024,12.839285714));
#5271=DIRECTION('',(-0.,1.,0.));
#5272=DIRECTION('',(-1.,-0.,0.));
#5273=AXIS2_PLACEMENT_3D('',#5270,#5271,#5272);
#5274=CYLINDRICAL_SURFACE('',#5273,0.875);
#5275=ORIENTED_EDGE('',*,*,#793,.T.);
#5276=ORIENTED_EDGE('',*,*,#1825,.F.);
#5277=ORIENTED_EDGE('',*,*,#3333,.T.);
#5278=ORIENTED_EDGE('',*,*,#2299,.T.);
#5279=EDGE_LOOP('',(#5275,#5276,#5277,#5278));
#5280=FACE_BOUND('',#5279,.T.);
#5281=ADVANCED_FACE('NONE',(#5280),#5274,.F.);
#5282=CARTESIAN_POINT('',(-61.25,-36.323037024,5.553571429));
#5283=DIRECTION('',(-0.,1.,0.));
#5284=DIRECTION('',(-1.,-0.,0.));
#5285=AXIS2_PLACEMENT_3D('',#5282,#5283,#5284);
#5286=CYLINDRICAL_SURFACE('',#5285,0.875);
#5287=ORIENTED_EDGE('',*,*,#835,.T.);
#5288=ORIENTED_EDGE('',*,*,#1775,.F.);
#5289=ORIENTED_EDGE('',*,*,#3272,.T.);
#5290=ORIENTED_EDGE('',*,*,#2349,.T.);
#5291=EDGE_LOOP('',(#5287,#5288,#5289,#5290));
#5292=FACE_BOUND('',#5291,.T.);
#5293=ADVANCED_FACE('NONE',(#5292),#5286,.F.);
#5294=CARTESIAN_POINT('',(-61.25,-36.323037024,-1.732142857));
#5295=DIRECTION('',(-0.,1.,0.));
#5296=DIRECTION('',(-1.,-0.,0.));
#5297=AXIS2_PLACEMENT_3D('',#5294,#5295,#5296);
#5298=CYLINDRICAL_SURFACE('',#5297,0.875);
#5299=ORIENTED_EDGE('',*,*,#877,.T.);
#5300=ORIENTED_EDGE('',*,*,#1725,.F.);
#5301=ORIENTED_EDGE('',*,*,#3211,.T.);
#5302=ORIENTED_EDGE('',*,*,#2399,.T.);
#5303=EDGE_LOOP('',(#5299,#5300,#5301,#5302));
#5304=FACE_BOUND('',#5303,.T.);
#5305=ADVANCED_FACE('NONE',(#5304),#5298,.F.);
#5306=CLOSED_SHELL('',(#96,#138,#180,#222,#374,#416,#458,#518,#569,#611,#695,#737,#779,#821,#863,#905,#945,#967,#998,#1057,#1178,#1209,#1353,#1462,#1493,#1515,
#1549,#1573,#1663,#2121,#2159,#2199,#2688,#2775,#2816,#2869,#2891,#2908,#2925,#2947,#2969,#2986,#3003,#3025,#3047,#3064,#3081,#3103,#3125,#3142,#3159,
#3176,#3193,#3215,#3232,#3254,#3276,#3293,#3315,#3337,#3354,#3376,#3398,#3424,#3441,#3472,#3553,#3577,#3608,#3648,#3688,#3705,#3772,#3794,#3861,#3878,
#3895,#3912,#3929,#3943,#4003,#4020,#4038,#4053,#4076,#4091,#4113,#4125,#4137,#4149,#4161,#4173,#4185,#4197,#4209,#4221,#4233,#4245,#4257,#4269,#4281,
#4319,#4336,#4360,#4384,#4401,#4432,#4457,#4474,#4497,#4521,#4545,#4570,#4594,#4619,#4643,#4660,#4676,#4706,#4736,#4766,#4796,#4809,#4822,#4834,#4846,
#4858,#4870,#4882,#4894,#4912,#4949,#4993,#5005,#5017,#5029,#5064,#5077,#5112,#5125,#5160,#5173,#5208,#5221,#5233,#5245,#5257,#5269,#5281,#5293,#5305));
#5307=MANIFOLD_SOLID_BREP('Waveshare Servo Board Holder',#5306);
#5308=DRAUGHTING_PRE_DEFINED_COLOUR('green');
#5309=FILL_AREA_STYLE_COLOUR('',#5308);
#5310=FILL_AREA_STYLE('',(#5309));
#5311=SURFACE_STYLE_FILL_AREA(#5310);
#5312=SURFACE_SIDE_STYLE('',(#5311));
#5313=SURFACE_STYLE_USAGE(.BOTH.,#5312);
#5314=PRESENTATION_STYLE_ASSIGNMENT((#5313));
#54=STYLED_ITEM('',(#5314),#5307);
#35=SHAPE_REPRESENTATION('cx18-din-p0006_vrm-pcm_din_rail_clamp.STEP',(#15),#33);
#36=ADVANCED_BREP_SHAPE_REPRESENTATION('cx18-din-p0006_vrm-pcm_din_rail_clamp.STEP',(#5307),#33);
#5322=SHAPE_REPRESENTATION_RELATIONSHIP('','',#35,#36);
#5323=CARTESIAN_POINT('',(0.,0.,0.));
#5324=DIRECTION('',(0.,0.,1.));
#5325=DIRECTION('',(1.,0.,0.));
#5326=AXIS2_PLACEMENT_3D('',#5323,#5324,#5325);
#5328=MAPPED_ITEM('',#5327,#5326);
#5327=REPRESENTATION_MAP(#5326,#35);
#5329=APPLICATION_CONTEXT('Managed model based 3d engineering');
#5330=APPLICATION_PROTOCOL_DEFINITION('international standard','ap242_managed_model_based_3d_engineering',2014,#5329);
#5331=PRODUCT_CONTEXT('',#5329,'mechanical');
#5332=PRODUCT_DEFINITION_CONTEXT('part definition',#5329,'design');
#43=PRODUCT('cx18-din-p0006_vrm-pcm_din_rail_clamp.STEP','cx18-din-p0006_vrm-pcm_din_rail_clamp.STEP','',(#5331));
#5333=PRODUCT_RELATED_PRODUCT_CATEGORY('part','',(#43));
#5334=PRODUCT_DEFINITION_FORMATION_WITH_SPECIFIED_SOURCE('','',#43,.NOT_KNOWN.);
#44=PRODUCT_DEFINITION('design','',#5334,#5332);
#42=PRODUCT_DEFINITION_SHAPE('','',#44);
#5335=SHAPE_DEFINITION_REPRESENTATION(#42,#35);
#34=DRAUGHTING_MODEL('',(#5328),#33);
#16=SHAPE_REPRESENTATION('root',(#15,#48),#10);
#5336=CARTESIAN_POINT('',(0.,0.,0.));
#5337=DIRECTION('',(0.,0.,1.));
#5338=DIRECTION('',(1.,0.,0.));
#5339=AXIS2_PLACEMENT_3D('',#5336,#5337,#5338);
#5341=MAPPED_ITEM('',#5340,#5339);
#5340=REPRESENTATION_MAP(#5339,#16);
#24=PRODUCT('root','root','',(#5331));
#5342=PRODUCT_RELATED_PRODUCT_CATEGORY('part','',(#24));
#5343=PRODUCT_DEFINITION_FORMATION_WITH_SPECIFIED_SOURCE('','',#24,.NOT_KNOWN.);
#25=PRODUCT_DEFINITION('design','',#5343,#5332);
#23=PRODUCT_DEFINITION_SHAPE('','',#25);
#5344=SHAPE_DEFINITION_REPRESENTATION(#23,#16);
#11=DRAUGHTING_MODEL('',(#5341),#10);
#5345=DESCRIPTIVE_REPRESENTATION_ITEM('KEY','C:\\Users\\Thors\\AppData\\Local\\Packages\\Shapr3D.Shapr3D_j403pzjkqtqbj\\TempState\\a1271b37-0ecd-4501-9414-f2ff6148f451.tmp');
#5346=PROPERTY_DEFINITION('KEY','',#25);
#5347=REPRESENTATION('',(#5345),#10);
#5348=PROPERTY_DEFINITION_REPRESENTATION(#5346,#5347);
#5349=GENERAL_PROPERTY('','KEY','');
#5350=GENERAL_PROPERTY_ASSOCIATION('','',#5349,#5346);
#1=MECHANICAL_DESIGN_GEOMETRIC_PRESENTATION_REPRESENTATION('',(#54),#10);
ENDSEC;
END-ISO-10303-21;
